#
# There is insufficient memory for the Java Runtime Environment to continue.
# Native memory allocation (mmap) failed to map 197132288 bytes for G1 virtual space
# Possible reasons:
#   The system is out of physical RAM or swap space
#   The process is running with CompressedOops enabled, and the Java Heap may be blocking the growth of the native heap
# Possible solutions:
#   Reduce memory load on the system
#   Increase physical memory or swap space
#   Check if swap backing store is full
#   Decrease Java heap size (-Xmx/-Xms)
#   Decrease number of Java threads
#   Decrease Java thread stack sizes (-Xss)
#   Set larger code cache with -XX:ReservedCodeCacheSize=
#   JVM is running with Unscaled Compressed Oops mode in which the Java heap is
#     placed in the first 4GB address space. The Java Heap base address is the
#     maximum limit for the native heap growth. Please use -XX:HeapBaseMinAddress
#     to set the Java Heap base and to place the Java Heap above 4GB virtual address.
# This output file may be truncated or incomplete.
#
#  Out of Memory Error (os_windows.cpp:3530), pid=46200, tid=49328
#
# JRE version: Java(TM) SE Runtime Environment (18.0+36) (build 18+36-2087)
# Java VM: Java HotSpot(TM) 64-Bit Server VM (18+36-2087, mixed mode, sharing, tiered, compressed oops, compressed class ptrs, g1 gc, windows-amd64)
# No core dump will be written. Minidumps are not enabled by default on client versions of Windows
#

---------------  S U M M A R Y ------------

Command Line: -XX:MaxMetaspaceSize=512m --add-opens=java.base/java.util=ALL-UNNAMED --add-opens=java.base/java.lang=ALL-UNNAMED --add-opens=java.base/java.lang.invoke=ALL-UNNAMED --add-opens=java.prefs/java.util.prefs=ALL-UNNAMED --add-opens=java.base/java.nio.charset=ALL-UNNAMED --add-opens=java.base/java.net=ALL-UNNAMED --add-opens=java.base/java.util.concurrent.atomic=ALL-UNNAMED -Xmx2048m -Dfile.encoding=UTF-8 -Duser.country=KR -Duser.language=ko -Duser.variant -javaagent:C:\Users\dhdnt\.gradle\wrapper\dists\gradle-8.3-all\6en3ugtfdg5xnpx44z4qbwgas\gradle-8.3\lib\agents\gradle-instrumentation-agent-8.3.jar org.gradle.launcher.daemon.bootstrap.GradleDaemon 8.3

Host: Intel(R) Core(TM) i5-8265U CPU @ 1.60GHz, 8 cores, 7G,  Windows 11 , 64 bit Build 22621 (10.0.22621.3672)
Time: Tue Jul 23 16:32:00 2024  Windows 11 , 64 bit Build 22621 (10.0.22621.3672) elapsed time: 2622.380653 seconds (0d 0h 43m 42s)

---------------  T H R E A D  ---------------

Current thread (0x0000015777f5a140):  VMThread "VM Thread" [stack: 0x00000031d1800000,0x00000031d1900000] [id=49328]

Stack: [0x00000031d1800000,0x00000031d1900000]
Native frames: (J=compiled Java code, j=interpreted, Vv=VM code, C=native code)
V  [jvm.dll+0x69804a]
V  [jvm.dll+0x7f308d]
V  [jvm.dll+0x7f499e]
V  [jvm.dll+0x7f5053]
V  [jvm.dll+0x25ca3f]
V  [jvm.dll+0x694f99]
V  [jvm.dll+0x689aca]
V  [jvm.dll+0x321efb]
V  [jvm.dll+0x3298d6]
V  [jvm.dll+0x37e47e]
V  [jvm.dll+0x37e6af]
V  [jvm.dll+0x2f9c7a]
V  [jvm.dll+0x2f9d27]
V  [jvm.dll+0x33e262]
V  [jvm.dll+0x33c804]
V  [jvm.dll+0x2f9450]
V  [jvm.dll+0x33bddb]
V  [jvm.dll+0x7f9e3b]
V  [jvm.dll+0x7fabd4]
V  [jvm.dll+0x7fb10c]
V  [jvm.dll+0x7fb564]
V  [jvm.dll+0x7fb627]
V  [jvm.dll+0x79fbba]
V  [jvm.dll+0x696ef5]
C  [ucrtbase.dll+0x29333]
C  [KERNEL32.DLL+0x1257d]
C  [ntdll.dll+0x5af28]

VM_Operation (0x00000031d33fe160): G1CollectForAllocation, mode: safepoint, requested by thread 0x000001577dc3d090


---------------  P R O C E S S  ---------------

Threads class SMR info:
_java_thread_list=0x000001570749b330, length=98, elements={
0x0000015759d2d440, 0x0000015777f5cb00, 0x0000015777f61770, 0x0000015777f7c060,
0x0000015777f7c910, 0x0000015777f7d2b0, 0x0000015777f7dc50, 0x0000015777f81e20,
0x0000015777f8a810, 0x0000015777f8de10, 0x000001577c124440, 0x000001577c25d110,
0x000001577da99010, 0x000001577d77b510, 0x000001577dab71b0, 0x000001577dc3d090,
0x000001577dc40a50, 0x000001577dc3e8a0, 0x000001577dc400b0, 0x000001577dc3da30,
0x000001577e52d230, 0x000001577e52b080, 0x000001577e52c890, 0x000001577e530720,
0x000001577e52b550, 0x000001577e530bf0, 0x000001577e5310c0, 0x000001577e531590,
0x000001577e52bef0, 0x000001577e531f30, 0x000001577e52cd60, 0x0000015701cd2e90,
0x0000015707703370, 0x00000157077046b0, 0x00000157077029d0, 0x0000015707702500,
0x0000015707701690, 0x0000015707702ea0, 0x0000015707703d10, 0x00000157077011c0,
0x0000015707701b60, 0x000001577d344550, 0x000001577d344ef0, 0x000001577d3401f0,
0x000001577d341ed0, 0x000001577d3453c0, 0x000001577d342870, 0x000001577d343210,
0x000001577d33f380, 0x000001577d343bb0, 0x000001577d33fd20, 0x000001577d340b90,
0x000001577d345890, 0x000001577d345d60, 0x000001577d341060, 0x000001577d3406c0,
0x000001577d3423a0, 0x000001577d344a20, 0x000001577d342d40, 0x000001577d346230,
0x000001577d341530, 0x000001577d3436e0, 0x000001577d346700, 0x000001577d33eeb0,
0x000001570056d750, 0x0000015700572450, 0x000001570056bf40, 0x0000015700570770,
0x000001570056fdd0, 0x000001570056f900, 0x0000015700571110, 0x000001570056e0f0,
0x000001570056e5c0, 0x0000015700571f80, 0x000001570056ea90, 0x0000015700572920,
0x0000015700572df0, 0x00000157005732c0, 0x000001570056c410, 0x000001570056ba70,
0x000001570056c8e0, 0x000001570056cdb0, 0x000001570056d280, 0x000001570056ef60,
0x000001570056dc20, 0x0000015701d6e800, 0x0000015701d6d990, 0x0000015701d6bcb0,
0x0000015701d721c0, 0x0000015701d72690, 0x0000015701d6f670, 0x0000015701d6fb40,
0x0000015701d6cff0, 0x0000015701d6de60, 0x0000015701d72b60, 0x0000015701d73500,
0x0000015701d71350, 0x0000015701d70e80
}

Java Threads: ( => current thread )
  0x0000015759d2d440 JavaThread "main" [_thread_blocked, id=14328, stack(0x00000031d1200000,0x00000031d1300000)]
  0x0000015777f5cb00 JavaThread "Reference Handler" daemon [_thread_blocked, id=44652, stack(0x00000031d1900000,0x00000031d1a00000)]
  0x0000015777f61770 JavaThread "Finalizer" daemon [_thread_blocked, id=40056, stack(0x00000031d1a00000,0x00000031d1b00000)]
  0x0000015777f7c060 JavaThread "Signal Dispatcher" daemon [_thread_blocked, id=51968, stack(0x00000031d1b00000,0x00000031d1c00000)]
  0x0000015777f7c910 JavaThread "Attach Listener" daemon [_thread_blocked, id=48484, stack(0x00000031d1c00000,0x00000031d1d00000)]
  0x0000015777f7d2b0 JavaThread "Service Thread" daemon [_thread_blocked, id=39732, stack(0x00000031d1d00000,0x00000031d1e00000)]
  0x0000015777f7dc50 JavaThread "Monitor Deflation Thread" daemon [_thread_blocked, id=33220, stack(0x00000031d1e00000,0x00000031d1f00000)]
  0x0000015777f81e20 JavaThread "C2 CompilerThread0" daemon [_thread_blocked, id=5932, stack(0x00000031d1f00000,0x00000031d2000000)]
  0x0000015777f8a810 JavaThread "C1 CompilerThread0" daemon [_thread_blocked, id=38340, stack(0x00000031d2000000,0x00000031d2100000)]
  0x0000015777f8de10 JavaThread "Sweeper thread" daemon [_thread_blocked, id=44348, stack(0x00000031d2100000,0x00000031d2200000)]
  0x000001577c124440 JavaThread "Common-Cleaner" daemon [_thread_blocked, id=45864, stack(0x00000031d2200000,0x00000031d2300000)]
  0x000001577c25d110 JavaThread "Notification Thread" daemon [_thread_blocked, id=50372, stack(0x00000031d2300000,0x00000031d2400000)]
  0x000001577da99010 JavaThread "Daemon health stats" [_thread_blocked, id=48032, stack(0x00000031d2500000,0x00000031d2600000)]
  0x000001577d77b510 JavaThread "Incoming local TCP Connector on port 53881" [_thread_in_native, id=47600, stack(0x00000031d2a00000,0x00000031d2b00000)]
  0x000001577dab71b0 JavaThread "Daemon periodic checks" [_thread_blocked, id=33696, stack(0x00000031d2b00000,0x00000031d2c00000)]
  0x000001577dc3d090 JavaThread "Cache worker for journal cache (C:\Users\dhdnt\.gradle\caches\journal-1)" [_thread_blocked, id=46036, stack(0x00000031d3300000,0x00000031d3400000)]
  0x000001577dc40a50 JavaThread "File lock request listener" [_thread_in_native, id=26168, stack(0x00000031d3400000,0x00000031d3500000)]
  0x000001577dc3e8a0 JavaThread "Cache worker for file hash cache (C:\Users\dhdnt\.gradle\caches\8.3\fileHashes)" [_thread_blocked, id=35520, stack(0x00000031d3500000,0x00000031d3600000)]
  0x000001577dc400b0 JavaThread "File watcher server" daemon [_thread_blocked, id=42660, stack(0x00000031d3900000,0x00000031d3a00000)]
  0x000001577dc3da30 JavaThread "File watcher consumer" daemon [_thread_blocked, id=49260, stack(0x00000031d3a00000,0x00000031d3b00000)]
  0x000001577e52d230 JavaThread "Cache worker for file content cache (C:\Users\dhdnt\.gradle\caches\8.3\fileContent)" [_thread_blocked, id=16228, stack(0x00000031d4000000,0x00000031d4100000)]
  0x000001577e52b080 JavaThread "Cache worker for execution history cache (C:\Users\dhdnt\.gradle\caches\8.3\executionHistory)" [_thread_blocked, id=43824, stack(0x00000031d4200000,0x00000031d4300000)]
  0x000001577e52c890 JavaThread "jar transforms" [_thread_blocked, id=47560, stack(0x00000031d3d00000,0x00000031d3e00000)]
  0x000001577e530720 JavaThread "jar transforms Thread 2" [_thread_blocked, id=36516, stack(0x00000031d4300000,0x00000031d4400000)]
  0x000001577e52b550 JavaThread "jar transforms Thread 3" [_thread_blocked, id=36700, stack(0x00000031d4400000,0x00000031d4500000)]
  0x000001577e530bf0 JavaThread "jar transforms Thread 4" [_thread_blocked, id=15776, stack(0x00000031d4500000,0x00000031d4600000)]
  0x000001577e5310c0 JavaThread "jar transforms Thread 5" [_thread_blocked, id=16960, stack(0x00000031d4600000,0x00000031d4700000)]
  0x000001577e531590 JavaThread "jar transforms Thread 6" [_thread_blocked, id=2808, stack(0x00000031d4700000,0x00000031d4800000)]
  0x000001577e52bef0 JavaThread "jar transforms Thread 7" [_thread_blocked, id=25692, stack(0x00000031d4800000,0x00000031d4900000)]
  0x000001577e531f30 JavaThread "jar transforms Thread 8" [_thread_blocked, id=2604, stack(0x00000031d4900000,0x00000031d4a00000)]
  0x000001577e52cd60 JavaThread "Cache worker for kotlin-dsl (C:\Users\dhdnt\.gradle\caches\8.3\kotlin-dsl)" [_thread_blocked, id=10112, stack(0x00000031d4d00000,0x00000031d4e00000)]
  0x0000015701cd2e90 JavaThread "Memory manager" [_thread_blocked, id=30820, stack(0x00000031d5900000,0x00000031d5a00000)]
  0x0000015707703370 JavaThread "Monitor" [_thread_in_native, id=51096, stack(0x00000031d6400000,0x00000031d6500000)]
  0x00000157077046b0 JavaThread "JdwpProxyConnection" [_thread_in_native, id=29640, stack(0x00000031db400000,0x00000031db500000)]
  0x00000157077029d0 JavaThread "Device List Monitor" [_thread_in_native, id=46720, stack(0x00000031db500000,0x00000031db600000)]
  0x0000015707702500 JavaThread "Daemon Thread 2" [_thread_blocked, id=51784, stack(0x00000031d0f00000,0x00000031d1000000)]
  0x0000015707701690 JavaThread "Handler for socket connection from /127.0.0.1:53881 to /127.0.0.1:55431" [_thread_in_native, id=38980, stack(0x00000031d1000000,0x00000031d1100000)]
  0x0000015707702ea0 JavaThread "Cancel handler" [_thread_blocked, id=35492, stack(0x00000031d1100000,0x00000031d1200000)]
  0x0000015707703d10 JavaThread "Daemon worker Thread 2" [_thread_blocked, id=32240, stack(0x00000031d2c00000,0x00000031d2d00000)]
  0x00000157077011c0 JavaThread "Asynchronous log dispatcher for DefaultDaemonConnection: socket connection from /127.0.0.1:53881 to /127.0.0.1:55431" [_thread_blocked, id=47632, stack(0x00000031d2d00000,0x00000031d2e00000)]
  0x0000015707701b60 JavaThread "Stdin handler" [_thread_blocked, id=47328, stack(0x00000031d2e00000,0x00000031d2f00000)]
  0x000001577d344550 JavaThread "Daemon client event forwarder" [_thread_blocked, id=50152, stack(0x00000031d2f00000,0x00000031d3000000)]
  0x000001577d344ef0 JavaThread "Cache worker for checksums cache (C:\Users\dhdnt\Desktop\RBF\BangFer-Front-End-2\android\.gradle\8.3\checksums)" [_thread_blocked, id=44136, stack(0x00000031d3000000,0x00000031d3100000)]
  0x000001577d3401f0 JavaThread "Cache worker for file hash cache (C:\Users\dhdnt\Desktop\RBF\BangFer-Front-End-2\android\.gradle\8.3\fileHashes)" [_thread_blocked, id=33004, stack(0x00000031d3100000,0x00000031d3200000)]
  0x000001577d341ed0 JavaThread "Cache worker for cache directory md-supplier (C:\Users\dhdnt\.gradle\caches\8.3\md-supplier)" [_thread_blocked, id=51416, stack(0x00000031d3200000,0x00000031d3300000)]
  0x000001577d3453c0 JavaThread "Cache worker for cache directory md-rule (C:\Users\dhdnt\.gradle\caches\8.3\md-rule)" [_thread_blocked, id=17088, stack(0x00000031d3c00000,0x00000031d3d00000)]
  0x000001577d342870 JavaThread "Unconstrained build operations" [_thread_blocked, id=34724, stack(0x00000031d3e00000,0x00000031d3f00000)]
  0x000001577d343210 JavaThread "Unconstrained build operations Thread 2" [_thread_blocked, id=38364, stack(0x00000031d3f00000,0x00000031d4000000)]
  0x000001577d33f380 JavaThread "Cache worker for dependencies-accessors (C:\Users\dhdnt\Desktop\RBF\BangFer-Front-End-2\android\.gradle\8.3\dependencies-accessors)" [_thread_blocked, id=27744, stack(0x00000031d4100000,0x00000031d4200000)]
  0x000001577d343bb0 JavaThread "Cache worker for Build Output Cleanup Cache (C:\Users\dhdnt\Desktop\RBF\BangFer-Front-End-2\node_modules\@react-native\gradle-plugin\.gradle\buildOutputCleanup)" [_thread_blocked, id=43012, stack(0x00000031d4a00000,0x00000031d4b00000)]
  0x000001577d33fd20 JavaThread "Unconstrained build operations Thread 3" [_thread_blocked, id=24044, stack(0x00000031d4b00000,0x00000031d4c00000)]
  0x000001577d340b90 JavaThread "Unconstrained build operations Thread 4" [_thread_blocked, id=25900, stack(0x00000031d4c00000,0x00000031d4d00000)]
  0x000001577d345890 JavaThread "Unconstrained build operations Thread 5" [_thread_blocked, id=39820, stack(0x00000031d4e00000,0x00000031d4f00000)]
  0x000001577d345d60 JavaThread "Unconstrained build operations Thread 6" [_thread_blocked, id=20496, stack(0x00000031d4f00000,0x00000031d5000000)]
  0x000001577d341060 JavaThread "Unconstrained build operations Thread 7" [_thread_blocked, id=47956, stack(0x00000031d5000000,0x00000031d5100000)]
  0x000001577d3406c0 JavaThread "Unconstrained build operations Thread 8" [_thread_blocked, id=49292, stack(0x00000031d5100000,0x00000031d5200000)]
  0x000001577d3423a0 JavaThread "Unconstrained build operations Thread 9" [_thread_blocked, id=27756, stack(0x00000031d5200000,0x00000031d5300000)]
  0x000001577d344a20 JavaThread "Cache worker for Build Output Cleanup Cache (C:\Users\dhdnt\Desktop\RBF\BangFer-Front-End-2\android\.gradle\buildOutputCleanup)" [_thread_blocked, id=49128, stack(0x00000031d5300000,0x00000031d5400000)]
  0x000001577d342d40 JavaThread "ForkJoinPool.commonPool-worker-8" daemon [_thread_blocked, id=27388, stack(0x00000031d5400000,0x00000031d5500000)]
  0x000001577d346230 JavaThread "ForkJoinPool.commonPool-worker-9" daemon [_thread_blocked, id=42228, stack(0x00000031d5500000,0x00000031d5600000)]
  0x000001577d341530 JavaThread "ForkJoinPool.commonPool-worker-10" daemon [_thread_blocked, id=49972, stack(0x00000031d5600000,0x00000031d5700000)]
  0x000001577d3436e0 JavaThread "ForkJoinPool.commonPool-worker-11" daemon [_thread_blocked, id=19292, stack(0x00000031d5700000,0x00000031d5800000)]
  0x000001577d346700 JavaThread "ForkJoinPool.commonPool-worker-12" daemon [_thread_blocked, id=41516, stack(0x00000031d5800000,0x00000031d5900000)]
  0x000001577d33eeb0 JavaThread "included builds" [_thread_blocked, id=45160, stack(0x00000031d5a00000,0x00000031d5b00000)]
  0x000001570056d750 JavaThread "Execution worker" [_thread_blocked, id=39336, stack(0x00000031d5b00000,0x00000031d5c00000)]
  0x0000015700572450 JavaThread "Execution worker Thread 2" [_thread_blocked, id=37672, stack(0x00000031d5c00000,0x00000031d5d00000)]
  0x000001570056bf40 JavaThread "Execution worker Thread 3" [_thread_blocked, id=49440, stack(0x00000031d5d00000,0x00000031d5e00000)]
  0x0000015700570770 JavaThread "Execution worker Thread 4" [_thread_blocked, id=29732, stack(0x00000031d5e00000,0x00000031d5f00000)]
  0x000001570056fdd0 JavaThread "Execution worker Thread 5" [_thread_blocked, id=42392, stack(0x00000031d5f00000,0x00000031d6000000)]
  0x000001570056f900 JavaThread "Execution worker Thread 6" [_thread_blocked, id=10232, stack(0x00000031d6000000,0x00000031d6100000)]
  0x0000015700571110 JavaThread "Execution worker Thread 7" [_thread_blocked, id=9160, stack(0x00000031d6100000,0x00000031d6200000)]
  0x000001570056e0f0 JavaThread "Cache worker for execution history cache (C:\Users\dhdnt\Desktop\RBF\BangFer-Front-End-2\node_modules\@react-native\gradle-plugin\.gradle\8.3\executionHistory)" [_thread_blocked, id=37452, stack(0x00000031d6200000,0x00000031d6300000)]
  0x000001570056e5c0 JavaThread "Unconstrained build operations Thread 10" [_thread_blocked, id=46692, stack(0x00000031d6300000,0x00000031d6400000)]
  0x0000015700571f80 JavaThread "Unconstrained build operations Thread 11" [_thread_blocked, id=36656, stack(0x00000031d6500000,0x00000031d6600000)]
  0x000001570056ea90 JavaThread "Unconstrained build operations Thread 12" [_thread_blocked, id=52172, stack(0x00000031d6600000,0x00000031d6700000)]
  0x0000015700572920 JavaThread "Unconstrained build operations Thread 13" [_thread_blocked, id=6396, stack(0x00000031d6700000,0x00000031d6800000)]
  0x0000015700572df0 JavaThread "Unconstrained build operations Thread 14" [_thread_blocked, id=32348, stack(0x00000031d6800000,0x00000031d6900000)]
  0x00000157005732c0 JavaThread "Unconstrained build operations Thread 15" [_thread_blocked, id=36508, stack(0x00000031d6900000,0x00000031d6a00000)]
  0x000001570056c410 JavaThread "Unconstrained build operations Thread 16" [_thread_blocked, id=51740, stack(0x00000031d6a00000,0x00000031d6b00000)]
  0x000001570056ba70 JavaThread "Unconstrained build operations Thread 17" [_thread_blocked, id=38564, stack(0x00000031d6b00000,0x00000031d6c00000)]
  0x000001570056c8e0 JavaThread "Unconstrained build operations Thread 18" [_thread_blocked, id=23780, stack(0x00000031d6c00000,0x00000031d6d00000)]
  0x000001570056cdb0 JavaThread "Unconstrained build operations Thread 19" [_thread_blocked, id=22892, stack(0x00000031d6d00000,0x00000031d6e00000)]
  0x000001570056d280 JavaThread "Unconstrained build operations Thread 20" [_thread_blocked, id=51728, stack(0x00000031d6e00000,0x00000031d6f00000)]
  0x000001570056ef60 JavaThread "Unconstrained build operations Thread 21" [_thread_blocked, id=40668, stack(0x00000031d6f00000,0x00000031d7000000)]
  0x000001570056dc20 JavaThread "Unconstrained build operations Thread 22" [_thread_blocked, id=50268, stack(0x00000031d7000000,0x00000031d7100000)]
  0x0000015701d6e800 JavaThread "Unconstrained build operations Thread 23" [_thread_blocked, id=30904, stack(0x00000031d7100000,0x00000031d7200000)]
  0x0000015701d6d990 JavaThread "Unconstrained build operations Thread 24" [_thread_blocked, id=41632, stack(0x00000031d7200000,0x00000031d7300000)]
  0x0000015701d6bcb0 JavaThread "Unconstrained build operations Thread 25" [_thread_blocked, id=34964, stack(0x00000031d7300000,0x00000031d7400000)]
  0x0000015701d721c0 JavaThread "Unconstrained build operations Thread 26" [_thread_blocked, id=51948, stack(0x00000031d7400000,0x00000031d7500000)]
  0x0000015701d72690 JavaThread "Unconstrained build operations Thread 27" [_thread_blocked, id=51908, stack(0x00000031d7500000,0x00000031d7600000)]
  0x0000015701d6f670 JavaThread "Unconstrained build operations Thread 28" [_thread_blocked, id=33628, stack(0x00000031d7600000,0x00000031d7700000)]
  0x0000015701d6fb40 JavaThread "Unconstrained build operations Thread 29" [_thread_blocked, id=47148, stack(0x00000031d7700000,0x00000031d7800000)]
  0x0000015701d6cff0 JavaThread "Unconstrained build operations Thread 30" [_thread_blocked, id=50200, stack(0x00000031d7800000,0x00000031d7900000)]
  0x0000015701d6de60 JavaThread "Unconstrained build operations Thread 31" [_thread_blocked, id=44792, stack(0x00000031d7900000,0x00000031d7a00000)]
  0x0000015701d72b60 JavaThread "Unconstrained build operations Thread 32" [_thread_blocked, id=46972, stack(0x00000031d7a00000,0x00000031d7b00000)]
  0x0000015701d73500 JavaThread "ForkJoinPool.commonPool-worker-13" daemon [_thread_blocked, id=31416, stack(0x00000031d7b00000,0x00000031d7c00000)]
  0x0000015701d71350 JavaThread "ForkJoinPool.commonPool-worker-14" daemon [_thread_blocked, id=21144, stack(0x00000031d7c00000,0x00000031d7d00000)]
  0x0000015701d70e80 JavaThread "Unconstrained build operations Thread 33" [_thread_blocked, id=18856, stack(0x00000031d7d00000,0x00000031d7e00000)]

Other Threads:
=>0x0000015777f5a140 VMThread "VM Thread" [stack: 0x00000031d1800000,0x00000031d1900000] [id=49328]
  0x000001577c25cb30 WatcherThread "VM Periodic Task Thread" [stack: 0x00000031d2400000,0x00000031d2500000] [id=27076]
  0x0000015759d8d6d0 WorkerThread "GC Thread#0" [stack: 0x00000031d1300000,0x00000031d1400000] [id=50960]
  0x000001577ca258b0 WorkerThread "GC Thread#1" [stack: 0x00000031d2600000,0x00000031d2700000] [id=51128]
  0x000001577c9c5970 WorkerThread "GC Thread#2" [stack: 0x00000031d2700000,0x00000031d2800000] [id=50536]
  0x000001577c9c5ff0 WorkerThread "GC Thread#3" [stack: 0x00000031d2800000,0x00000031d2900000] [id=45132]
  0x000001577c9a9330 WorkerThread "GC Thread#4" [stack: 0x00000031d2900000,0x00000031d2a00000] [id=46260]
  0x000001577c315030 WorkerThread "GC Thread#5" [stack: 0x00000031d3600000,0x00000031d3700000] [id=49544]
  0x000001577c2ead60 WorkerThread "GC Thread#6" [stack: 0x00000031d3700000,0x00000031d3800000] [id=48604]
  0x000001577c2eb000 WorkerThread "GC Thread#7" [stack: 0x00000031d3800000,0x00000031d3900000] [id=47480]
  0x0000015759da0620 ConcurrentGCThread "G1 Main Marker" [stack: 0x00000031d1400000,0x00000031d1500000] [id=44596]
  0x0000015759da17b0 WorkerThread "G1 Conc#0" [stack: 0x00000031d1500000,0x00000031d1600000] [id=51284]
  0x000001577e944020 WorkerThread "G1 Conc#1" [stack: 0x00000031d3b00000,0x00000031d3c00000] [id=20576]
  0x0000015759dde8c0 ConcurrentGCThread "G1 Refine#0" [stack: 0x00000031d1600000,0x00000031d1700000] [id=47280]
  0x000001577e501600 ConcurrentGCThread "G1 Refine#1" [stack: 0x00000031d8400000,0x00000031d8500000] [id=20788]
  0x0000015777e14370 ConcurrentGCThread "G1 Service" [stack: 0x00000031d1700000,0x00000031d1800000] [id=41648]

Threads with active compile tasks:
C2 CompilerThread0  2622582 23102  s    4       com.android.build.api.artifact.impl.TypedStorageProvider::getArtifact$gradle_core (80 bytes)
C1 CompilerThread0  2622582 23128   !   3       jdk.proxy1.$Proxy32::childScopeCreated (42 bytes)

VM state: at safepoint (normal execution)

VM Mutex/Monitor currently owned by a thread:  ([mutex/lock_event])
[0x0000015759d28550] Threads_lock - owner thread: 0x0000015777f5a140
[0x0000015759d285e0] Heap_lock - owner thread: 0x000001577dc3d090

Heap address: 0x0000000080000000, size: 2048 MB, Compressed Oops mode: 32-bit

CDS archive(s) mapped at: [0x0000000800000000-0x0000000800ba0000-0x0000000800ba0000), size 12189696, SharedBaseAddress: 0x0000000800000000, ArchiveRelocationMode: 0.
Compressed class space mapped at: 0x0000000800c00000-0x000000081a800000, reserved size: 432013312
Narrow klass base: 0x0000000800000000, Narrow klass shift: 0, Narrow klass range: 0x100000000

GC Precious Log:
 CardTable entry size: 512
 Card Set container configuration: InlinePtr #cards 5 size 8 Array Of Cards #cards 12 size 40 Howl #buckets 4 coarsen threshold 1843 Howl Bitmap #cards 512 size 80 coarsen threshold 460 Card regions per heap region 1 cards per card region 2048
 CPUs: 8 total, 8 available
 Memory: 8051M
 Large Page Support: Disabled
 NUMA Support: Disabled
 Compressed Oops: Enabled (32-bit)
 Heap Region Size: 1M
 Heap Min Capacity: 8M
 Heap Initial Capacity: 126M
 Heap Max Capacity: 2G
 Pre-touch: Disabled
 Parallel Workers: 8
 Concurrent Workers: 2
 Concurrent Refinement Workers: 8
 Periodic GC: Disabled

Heap:
 garbage-first heap   total 343040K, used 307049K [0x0000000080000000, 0x0000000100000000)
  region size 1024K, 2 young (2048K), 2 survivors (2048K)
 Metaspace       used 120862K, committed 123648K, reserved 552960K
  class space    used 16421K, committed 17792K, reserved 421888K

Heap Regions: E=young(eden), S=young(survivor), O=old, HS=humongous(starts), HC=humongous(continues), CS=collection set, F=free, OA=open archive, CA=closed archive, TAMS=top-at-mark-start (previous, next)
|   0|0x0000000080000000, 0x0000000080100000, 0x0000000080100000|100%|HS|  |TAMS 0x0000000080100000, 0x0000000080100000| Complete 
|   1|0x0000000080100000, 0x0000000080200000, 0x0000000080200000|100%|HC|  |TAMS 0x0000000080200000, 0x0000000080200000| Complete 
|   2|0x0000000080200000, 0x0000000080300000, 0x0000000080300000|100%|HC|  |TAMS 0x0000000080300000, 0x0000000080300000| Complete 
|   3|0x0000000080300000, 0x0000000080400000, 0x0000000080400000|100%|HC|  |TAMS 0x0000000080400000, 0x0000000080400000| Complete 
|   4|0x0000000080400000, 0x0000000080500000, 0x0000000080500000|100%| O|  |TAMS 0x0000000080500000, 0x0000000080500000| Untracked 
|   5|0x0000000080500000, 0x0000000080600000, 0x0000000080600000|100%| O|  |TAMS 0x0000000080600000, 0x0000000080600000| Untracked 
|   6|0x0000000080600000, 0x0000000080700000, 0x0000000080700000|100%| O|  |TAMS 0x0000000080700000, 0x0000000080700000| Untracked 
|   7|0x0000000080700000, 0x0000000080800000, 0x0000000080800000|100%| O|  |TAMS 0x0000000080800000, 0x0000000080800000| Untracked 
|   8|0x0000000080800000, 0x0000000080900000, 0x0000000080900000|100%| O|  |TAMS 0x0000000080900000, 0x0000000080900000| Untracked 
|   9|0x0000000080900000, 0x0000000080a00000, 0x0000000080a00000|100%| O|  |TAMS 0x0000000080a00000, 0x0000000080a00000| Untracked 
|  10|0x0000000080a00000, 0x0000000080b00000, 0x0000000080b00000|100%| O|  |TAMS 0x0000000080b00000, 0x0000000080b00000| Untracked 
|  11|0x0000000080b00000, 0x0000000080c00000, 0x0000000080c00000|100%| O|  |TAMS 0x0000000080c00000, 0x0000000080c00000| Untracked 
|  12|0x0000000080c00000, 0x0000000080d00000, 0x0000000080d00000|100%| O|  |TAMS 0x0000000080d00000, 0x0000000080d00000| Untracked 
|  13|0x0000000080d00000, 0x0000000080e00000, 0x0000000080e00000|100%| O|  |TAMS 0x0000000080e00000, 0x0000000080e00000| Untracked 
|  14|0x0000000080e00000, 0x0000000080f00000, 0x0000000080f00000|100%| O|  |TAMS 0x0000000080f00000, 0x0000000080f00000| Untracked 
|  15|0x0000000080f00000, 0x0000000081000000, 0x0000000081000000|100%| O|  |TAMS 0x0000000081000000, 0x0000000081000000| Untracked 
|  16|0x0000000081000000, 0x0000000081100000, 0x0000000081100000|100%| O|  |TAMS 0x0000000081100000, 0x0000000081100000| Untracked 
|  17|0x0000000081100000, 0x0000000081200000, 0x0000000081200000|100%| O|  |TAMS 0x0000000081200000, 0x0000000081200000| Untracked 
|  18|0x0000000081200000, 0x0000000081300000, 0x0000000081300000|100%| O|  |TAMS 0x0000000081300000, 0x0000000081300000| Untracked 
|  19|0x0000000081300000, 0x00000000813de200, 0x0000000081400000| 86%| O|  |TAMS 0x00000000813de200, 0x00000000813de200| Untracked 
|  20|0x0000000081400000, 0x0000000081500000, 0x0000000081500000|100%| O|  |TAMS 0x0000000081500000, 0x0000000081500000| Untracked 
|  21|0x0000000081500000, 0x0000000081600000, 0x0000000081600000|100%| O|  |TAMS 0x0000000081600000, 0x0000000081600000| Untracked 
|  22|0x0000000081600000, 0x0000000081700000, 0x0000000081700000|100%| O|  |TAMS 0x0000000081700000, 0x0000000081700000| Untracked 
|  23|0x0000000081700000, 0x0000000081800000, 0x0000000081800000|100%| O|  |TAMS 0x0000000081800000, 0x0000000081800000| Untracked 
|  24|0x0000000081800000, 0x0000000081900000, 0x0000000081900000|100%| O|  |TAMS 0x0000000081900000, 0x0000000081900000| Untracked 
|  25|0x0000000081900000, 0x0000000081a00000, 0x0000000081a00000|100%| O|  |TAMS 0x0000000081a00000, 0x0000000081a00000| Untracked 
|  26|0x0000000081a00000, 0x0000000081b00000, 0x0000000081b00000|100%| O|  |TAMS 0x0000000081b00000, 0x0000000081b00000| Untracked 
|  27|0x0000000081b00000, 0x0000000081c00000, 0x0000000081c00000|100%| O|  |TAMS 0x0000000081c00000, 0x0000000081c00000| Untracked 
|  28|0x0000000081c00000, 0x0000000081d00000, 0x0000000081d00000|100%| O|  |TAMS 0x0000000081d00000, 0x0000000081d00000| Untracked 
|  29|0x0000000081d00000, 0x0000000081e00000, 0x0000000081e00000|100%| O|  |TAMS 0x0000000081e00000, 0x0000000081e00000| Untracked 
|  30|0x0000000081e00000, 0x0000000081f00000, 0x0000000081f00000|100%| O|  |TAMS 0x0000000081f00000, 0x0000000081f00000| Untracked 
|  31|0x0000000081f00000, 0x0000000082000000, 0x0000000082000000|100%| O|  |TAMS 0x0000000082000000, 0x0000000082000000| Untracked 
|  32|0x0000000082000000, 0x0000000082100000, 0x0000000082100000|100%| O|  |TAMS 0x0000000082100000, 0x0000000082100000| Untracked 
|  33|0x0000000082100000, 0x0000000082200000, 0x0000000082200000|100%| O|  |TAMS 0x0000000082200000, 0x0000000082200000| Untracked 
|  34|0x0000000082200000, 0x0000000082300000, 0x0000000082300000|100%| O|  |TAMS 0x0000000082300000, 0x0000000082300000| Untracked 
|  35|0x0000000082300000, 0x0000000082400000, 0x0000000082400000|100%| O|  |TAMS 0x0000000082400000, 0x0000000082400000| Untracked 
|  36|0x0000000082400000, 0x0000000082500000, 0x0000000082500000|100%| O|  |TAMS 0x0000000082500000, 0x0000000082500000| Untracked 
|  37|0x0000000082500000, 0x0000000082600000, 0x0000000082600000|100%| O|  |TAMS 0x0000000082600000, 0x0000000082600000| Untracked 
|  38|0x0000000082600000, 0x0000000082700000, 0x0000000082700000|100%| O|  |TAMS 0x0000000082700000, 0x0000000082700000| Untracked 
|  39|0x0000000082700000, 0x0000000082800000, 0x0000000082800000|100%| O|  |TAMS 0x0000000082800000, 0x0000000082800000| Untracked 
|  40|0x0000000082800000, 0x0000000082900000, 0x0000000082900000|100%| O|  |TAMS 0x0000000082900000, 0x0000000082900000| Untracked 
|  41|0x0000000082900000, 0x0000000082a00000, 0x0000000082a00000|100%| O|  |TAMS 0x0000000082a00000, 0x0000000082a00000| Untracked 
|  42|0x0000000082a00000, 0x0000000082b00000, 0x0000000082b00000|100%| O|  |TAMS 0x0000000082b00000, 0x0000000082b00000| Untracked 
|  43|0x0000000082b00000, 0x0000000082c00000, 0x0000000082c00000|100%| O|  |TAMS 0x0000000082c00000, 0x0000000082c00000| Untracked 
|  44|0x0000000082c00000, 0x0000000082d00000, 0x0000000082d00000|100%| O|  |TAMS 0x0000000082d00000, 0x0000000082d00000| Untracked 
|  45|0x0000000082d00000, 0x0000000082e00000, 0x0000000082e00000|100%|HS|  |TAMS 0x0000000082e00000, 0x0000000082e00000| Complete 
|  46|0x0000000082e00000, 0x0000000082f00000, 0x0000000082f00000|100%|HC|  |TAMS 0x0000000082f00000, 0x0000000082f00000| Complete 
|  47|0x0000000082f00000, 0x0000000083000000, 0x0000000083000000|100%|HS|  |TAMS 0x0000000083000000, 0x0000000083000000| Complete 
|  48|0x0000000083000000, 0x0000000083100000, 0x0000000083100000|100%|HC|  |TAMS 0x0000000083100000, 0x0000000083100000| Complete 
|  49|0x0000000083100000, 0x0000000083200000, 0x0000000083200000|100%| O|  |TAMS 0x0000000083200000, 0x0000000083200000| Untracked 
|  50|0x0000000083200000, 0x0000000083300000, 0x0000000083300000|100%| O|  |TAMS 0x0000000083300000, 0x0000000083300000| Untracked 
|  51|0x0000000083300000, 0x0000000083400000, 0x0000000083400000|100%|HS|  |TAMS 0x0000000083400000, 0x0000000083400000| Complete 
|  52|0x0000000083400000, 0x0000000083500000, 0x0000000083500000|100%|HC|  |TAMS 0x0000000083500000, 0x0000000083500000| Complete 
|  53|0x0000000083500000, 0x0000000083600000, 0x0000000083600000|100%|HC|  |TAMS 0x0000000083600000, 0x0000000083600000| Complete 
|  54|0x0000000083600000, 0x0000000083700000, 0x0000000083700000|100%|HC|  |TAMS 0x0000000083700000, 0x0000000083700000| Complete 
|  55|0x0000000083700000, 0x0000000083800000, 0x0000000083800000|100%| O|  |TAMS 0x0000000083800000, 0x0000000083800000| Untracked 
|  56|0x0000000083800000, 0x0000000083900000, 0x0000000083900000|100%| O|  |TAMS 0x0000000083900000, 0x0000000083900000| Untracked 
|  57|0x0000000083900000, 0x0000000083a00000, 0x0000000083a00000|100%| O|  |TAMS 0x0000000083a00000, 0x0000000083a00000| Untracked 
|  58|0x0000000083a00000, 0x0000000083b00000, 0x0000000083b00000|100%| O|  |TAMS 0x0000000083b00000, 0x0000000083b00000| Untracked 
|  59|0x0000000083b00000, 0x0000000083c00000, 0x0000000083c00000|100%|HS|  |TAMS 0x0000000083c00000, 0x0000000083c00000| Complete 
|  60|0x0000000083c00000, 0x0000000083d00000, 0x0000000083d00000|100%|HC|  |TAMS 0x0000000083d00000, 0x0000000083d00000| Complete 
|  61|0x0000000083d00000, 0x0000000083e00000, 0x0000000083e00000|100%|HC|  |TAMS 0x0000000083e00000, 0x0000000083e00000| Complete 
|  62|0x0000000083e00000, 0x0000000083f00000, 0x0000000083f00000|100%|HC|  |TAMS 0x0000000083f00000, 0x0000000083f00000| Complete 
|  63|0x0000000083f00000, 0x0000000084000000, 0x0000000084000000|100%| O|  |TAMS 0x0000000084000000, 0x0000000084000000| Untracked 
|  64|0x0000000084000000, 0x0000000084100000, 0x0000000084100000|100%| O|  |TAMS 0x0000000084100000, 0x0000000084100000| Untracked 
|  65|0x0000000084100000, 0x0000000084200000, 0x0000000084200000|100%| O|  |TAMS 0x0000000084200000, 0x0000000084200000| Untracked 
|  66|0x0000000084200000, 0x0000000084300000, 0x0000000084300000|100%| O|  |TAMS 0x0000000084300000, 0x0000000084300000| Untracked 
|  67|0x0000000084300000, 0x0000000084400000, 0x0000000084400000|100%|HS|  |TAMS 0x0000000084400000, 0x0000000084400000| Complete 
|  68|0x0000000084400000, 0x0000000084500000, 0x0000000084500000|100%|HS|  |TAMS 0x0000000084500000, 0x0000000084500000| Complete 
|  69|0x0000000084500000, 0x0000000084600000, 0x0000000084600000|100%|HS|  |TAMS 0x0000000084600000, 0x0000000084600000| Complete 
|  70|0x0000000084600000, 0x0000000084700000, 0x0000000084700000|100%| O|  |TAMS 0x0000000084700000, 0x0000000084700000| Untracked 
|  71|0x0000000084700000, 0x0000000084800000, 0x0000000084800000|100%|HS|  |TAMS 0x0000000084800000, 0x0000000084800000| Complete 
|  72|0x0000000084800000, 0x0000000084900000, 0x0000000084900000|100%| O|  |TAMS 0x0000000084900000, 0x0000000084900000| Untracked 
|  73|0x0000000084900000, 0x0000000084a00000, 0x0000000084a00000|100%| O|  |TAMS 0x0000000084a00000, 0x0000000084a00000| Untracked 
|  74|0x0000000084a00000, 0x0000000084b00000, 0x0000000084b00000|100%| O|  |TAMS 0x0000000084b00000, 0x0000000084b00000| Untracked 
|  75|0x0000000084b00000, 0x0000000084c00000, 0x0000000084c00000|100%| O|  |TAMS 0x0000000084c00000, 0x0000000084c00000| Untracked 
|  76|0x0000000084c00000, 0x0000000084d00000, 0x0000000084d00000|100%| O|  |TAMS 0x0000000084d00000, 0x0000000084d00000| Untracked 
|  77|0x0000000084d00000, 0x0000000084e00000, 0x0000000084e00000|100%| O|  |TAMS 0x0000000084e00000, 0x0000000084e00000| Untracked 
|  78|0x0000000084e00000, 0x0000000084f00000, 0x0000000084f00000|100%| O|  |TAMS 0x0000000084f00000, 0x0000000084f00000| Untracked 
|  79|0x0000000084f00000, 0x0000000085000000, 0x0000000085000000|100%| O|  |TAMS 0x0000000085000000, 0x0000000085000000| Untracked 
|  80|0x0000000085000000, 0x0000000085100000, 0x0000000085100000|100%| O|  |TAMS 0x0000000085000000, 0x0000000085100000| Untracked 
|  81|0x0000000085100000, 0x0000000085200000, 0x0000000085200000|100%| O|  |TAMS 0x0000000085200000, 0x0000000085200000| Untracked 
|  82|0x0000000085200000, 0x0000000085300000, 0x0000000085300000|100%| O|  |TAMS 0x0000000085300000, 0x0000000085300000| Untracked 
|  83|0x0000000085300000, 0x0000000085400000, 0x0000000085400000|100%| O|  |TAMS 0x0000000085400000, 0x0000000085400000| Untracked 
|  84|0x0000000085400000, 0x0000000085500000, 0x0000000085500000|100%| O|  |TAMS 0x0000000085500000, 0x0000000085500000| Untracked 
|  85|0x0000000085500000, 0x0000000085600000, 0x0000000085600000|100%| O|  |TAMS 0x0000000085600000, 0x0000000085600000| Untracked 
|  86|0x0000000085600000, 0x0000000085700000, 0x0000000085700000|100%| O|  |TAMS 0x0000000085700000, 0x0000000085700000| Untracked 
|  87|0x0000000085700000, 0x0000000085800000, 0x0000000085800000|100%| O|  |TAMS 0x0000000085800000, 0x0000000085800000| Untracked 
|  88|0x0000000085800000, 0x0000000085900000, 0x0000000085900000|100%| O|  |TAMS 0x0000000085900000, 0x0000000085900000| Untracked 
|  89|0x0000000085900000, 0x0000000085a00000, 0x0000000085a00000|100%| O|  |TAMS 0x0000000085a00000, 0x0000000085a00000| Untracked 
|  90|0x0000000085a00000, 0x0000000085b00000, 0x0000000085b00000|100%| O|  |TAMS 0x0000000085b00000, 0x0000000085b00000| Untracked 
|  91|0x0000000085b00000, 0x0000000085c00000, 0x0000000085c00000|100%| O|  |TAMS 0x0000000085b00000, 0x0000000085c00000| Untracked 
|  92|0x0000000085c00000, 0x0000000085d00000, 0x0000000085d00000|100%| O|  |TAMS 0x0000000085d00000, 0x0000000085d00000| Untracked 
|  93|0x0000000085d00000, 0x0000000085e00000, 0x0000000085e00000|100%| O|  |TAMS 0x0000000085e00000, 0x0000000085e00000| Untracked 
|  94|0x0000000085e00000, 0x0000000085f00000, 0x0000000085f00000|100%| O|  |TAMS 0x0000000085f00000, 0x0000000085f00000| Untracked 
|  95|0x0000000085f00000, 0x0000000086000000, 0x0000000086000000|100%| O|  |TAMS 0x0000000085fa9e00, 0x0000000086000000| Untracked 
|  96|0x0000000086000000, 0x0000000086100000, 0x0000000086100000|100%| O|  |TAMS 0x0000000086000000, 0x0000000086100000| Untracked 
|  97|0x0000000086100000, 0x0000000086200000, 0x0000000086200000|100%| O|  |TAMS 0x0000000086100000, 0x0000000086200000| Untracked 
|  98|0x0000000086200000, 0x0000000086300000, 0x0000000086300000|100%| O|  |TAMS 0x0000000086200000, 0x0000000086300000| Untracked 
|  99|0x0000000086300000, 0x0000000086400000, 0x0000000086400000|100%| O|  |TAMS 0x0000000086300000, 0x0000000086400000| Untracked 
| 100|0x0000000086400000, 0x0000000086500000, 0x0000000086500000|100%| O|  |TAMS 0x0000000086400000, 0x0000000086500000| Untracked 
| 101|0x0000000086500000, 0x0000000086600000, 0x0000000086600000|100%|HS|  |TAMS 0x0000000086500000, 0x0000000086600000| Complete 
| 102|0x0000000086600000, 0x0000000086700000, 0x0000000086700000|100%|HC|  |TAMS 0x0000000086600000, 0x0000000086700000| Complete 
| 103|0x0000000086700000, 0x0000000086800000, 0x0000000086800000|100%|HS|  |TAMS 0x0000000086700000, 0x0000000086800000| Complete 
| 104|0x0000000086800000, 0x0000000086900000, 0x0000000086900000|100%|HC|  |TAMS 0x0000000086800000, 0x0000000086900000| Complete 
| 105|0x0000000086900000, 0x0000000086a00000, 0x0000000086a00000|100%|HC|  |TAMS 0x0000000086900000, 0x0000000086a00000| Complete 
| 106|0x0000000086a00000, 0x0000000086b00000, 0x0000000086b00000|100%|HC|  |TAMS 0x0000000086a00000, 0x0000000086b00000| Complete 
| 107|0x0000000086b00000, 0x0000000086c00000, 0x0000000086c00000|100%| O|  |TAMS 0x0000000086b00000, 0x0000000086c00000| Untracked 
| 108|0x0000000086c00000, 0x0000000086d00000, 0x0000000086d00000|100%| O|  |TAMS 0x0000000086c00000, 0x0000000086d00000| Untracked 
| 109|0x0000000086d00000, 0x0000000086e00000, 0x0000000086e00000|100%| O|  |TAMS 0x0000000086d00000, 0x0000000086e00000| Untracked 
| 110|0x0000000086e00000, 0x0000000086f00000, 0x0000000086f00000|100%| O|  |TAMS 0x0000000086e00000, 0x0000000086f00000| Untracked 
| 111|0x0000000086f00000, 0x0000000087000000, 0x0000000087000000|100%| O|  |TAMS 0x0000000086f00000, 0x0000000087000000| Untracked 
| 112|0x0000000087000000, 0x0000000087100000, 0x0000000087100000|100%| O|  |TAMS 0x0000000087000000, 0x0000000087100000| Untracked 
| 113|0x0000000087100000, 0x0000000087200000, 0x0000000087200000|100%| O|  |TAMS 0x0000000087100000, 0x0000000087200000| Untracked 
| 114|0x0000000087200000, 0x0000000087300000, 0x0000000087300000|100%| O|  |TAMS 0x0000000087200000, 0x0000000087300000| Untracked 
| 115|0x0000000087300000, 0x0000000087400000, 0x0000000087400000|100%| O|  |TAMS 0x0000000087300000, 0x0000000087400000| Untracked 
| 116|0x0000000087400000, 0x0000000087500000, 0x0000000087500000|100%| O|  |TAMS 0x0000000087400000, 0x0000000087500000| Untracked 
| 117|0x0000000087500000, 0x0000000087600000, 0x0000000087600000|100%| O|  |TAMS 0x0000000087500000, 0x0000000087600000| Untracked 
| 118|0x0000000087600000, 0x0000000087700000, 0x0000000087700000|100%| O|  |TAMS 0x0000000087600000, 0x0000000087700000| Untracked 
| 119|0x0000000087700000, 0x0000000087800000, 0x0000000087800000|100%| O|  |TAMS 0x0000000087700000, 0x0000000087800000| Untracked 
| 120|0x0000000087800000, 0x0000000087900000, 0x0000000087900000|100%| O|  |TAMS 0x0000000087800000, 0x0000000087900000| Untracked 
| 121|0x0000000087900000, 0x0000000087a00000, 0x0000000087a00000|100%| O|  |TAMS 0x0000000087900000, 0x0000000087a00000| Untracked 
| 122|0x0000000087a00000, 0x0000000087b00000, 0x0000000087b00000|100%| O|  |TAMS 0x0000000087a00000, 0x0000000087b00000| Untracked 
| 123|0x0000000087b00000, 0x0000000087c00000, 0x0000000087c00000|100%| O|  |TAMS 0x0000000087b00000, 0x0000000087c00000| Untracked 
| 124|0x0000000087c00000, 0x0000000087d00000, 0x0000000087d00000|100%| O|  |TAMS 0x0000000087c00000, 0x0000000087d00000| Untracked 
| 125|0x0000000087d00000, 0x0000000087e00000, 0x0000000087e00000|100%| O|  |TAMS 0x0000000087d00000, 0x0000000087e00000| Untracked 
| 126|0x0000000087e00000, 0x0000000087f00000, 0x0000000087f00000|100%| O|  |TAMS 0x0000000087e00000, 0x0000000087f00000| Untracked 
| 127|0x0000000087f00000, 0x0000000088000000, 0x0000000088000000|100%| O|  |TAMS 0x0000000087f00000, 0x0000000088000000| Untracked 
| 128|0x0000000088000000, 0x0000000088100000, 0x0000000088100000|100%|HS|  |TAMS 0x0000000088000000, 0x0000000088100000| Complete 
| 129|0x0000000088100000, 0x0000000088200000, 0x0000000088200000|100%|HS|  |TAMS 0x0000000088100000, 0x0000000088200000| Complete 
| 130|0x0000000088200000, 0x0000000088300000, 0x0000000088300000|100%|HS|  |TAMS 0x0000000088200000, 0x0000000088300000| Complete 
| 131|0x0000000088300000, 0x0000000088400000, 0x0000000088400000|100%|HC|  |TAMS 0x0000000088300000, 0x0000000088400000| Complete 
| 132|0x0000000088400000, 0x0000000088500000, 0x0000000088500000|100%|HS|  |TAMS 0x0000000088400000, 0x0000000088500000| Complete 
| 133|0x0000000088500000, 0x0000000088600000, 0x0000000088600000|100%|HS|  |TAMS 0x0000000088500000, 0x0000000088600000| Complete 
| 134|0x0000000088600000, 0x0000000088700000, 0x0000000088700000|100%|HS|  |TAMS 0x0000000088600000, 0x0000000088700000| Complete 
| 135|0x0000000088700000, 0x0000000088800000, 0x0000000088800000|100%| O|  |TAMS 0x0000000088700000, 0x0000000088800000| Untracked 
| 136|0x0000000088800000, 0x0000000088900000, 0x0000000088900000|100%| O|  |TAMS 0x0000000088800000, 0x0000000088900000| Untracked 
| 137|0x0000000088900000, 0x0000000088a00000, 0x0000000088a00000|100%| O|  |TAMS 0x0000000088900000, 0x0000000088a00000| Untracked 
| 138|0x0000000088a00000, 0x0000000088b00000, 0x0000000088b00000|100%| O|  |TAMS 0x0000000088a00000, 0x0000000088b00000| Untracked 
| 139|0x0000000088b00000, 0x0000000088c00000, 0x0000000088c00000|100%| O|  |TAMS 0x0000000088b00000, 0x0000000088c00000| Untracked 
| 140|0x0000000088c00000, 0x0000000088d00000, 0x0000000088d00000|100%| O|  |TAMS 0x0000000088c00000, 0x0000000088d00000| Untracked 
| 141|0x0000000088d00000, 0x0000000088e00000, 0x0000000088e00000|100%| O|  |TAMS 0x0000000088d00000, 0x0000000088e00000| Untracked 
| 142|0x0000000088e00000, 0x0000000088f00000, 0x0000000088f00000|100%| O|  |TAMS 0x0000000088e00000, 0x0000000088f00000| Untracked 
| 143|0x0000000088f00000, 0x0000000089000000, 0x0000000089000000|100%| O|  |TAMS 0x0000000088f00000, 0x0000000089000000| Untracked 
| 144|0x0000000089000000, 0x0000000089100000, 0x0000000089100000|100%| O|  |TAMS 0x0000000089000000, 0x0000000089100000| Untracked 
| 145|0x0000000089100000, 0x0000000089200000, 0x0000000089200000|100%| O|  |TAMS 0x0000000089100000, 0x0000000089200000| Untracked 
| 146|0x0000000089200000, 0x0000000089300000, 0x0000000089300000|100%| O|  |TAMS 0x0000000089200000, 0x0000000089300000| Untracked 
| 147|0x0000000089300000, 0x0000000089400000, 0x0000000089400000|100%| O|  |TAMS 0x0000000089300000, 0x0000000089400000| Untracked 
| 148|0x0000000089400000, 0x0000000089500000, 0x0000000089500000|100%| O|  |TAMS 0x0000000089400000, 0x0000000089500000| Untracked 
| 149|0x0000000089500000, 0x0000000089600000, 0x0000000089600000|100%| O|  |TAMS 0x0000000089500000, 0x0000000089600000| Untracked 
| 150|0x0000000089600000, 0x0000000089700000, 0x0000000089700000|100%| O|  |TAMS 0x0000000089600000, 0x0000000089700000| Untracked 
| 151|0x0000000089700000, 0x0000000089800000, 0x0000000089800000|100%| O|  |TAMS 0x0000000089700000, 0x0000000089800000| Untracked 
| 152|0x0000000089800000, 0x0000000089900000, 0x0000000089900000|100%| O|  |TAMS 0x0000000089800000, 0x0000000089900000| Untracked 
| 153|0x0000000089900000, 0x0000000089a00000, 0x0000000089a00000|100%| O|  |TAMS 0x0000000089900000, 0x0000000089a00000| Untracked 
| 154|0x0000000089a00000, 0x0000000089b00000, 0x0000000089b00000|100%| O|  |TAMS 0x0000000089a00000, 0x0000000089b00000| Untracked 
| 155|0x0000000089b00000, 0x0000000089c00000, 0x0000000089c00000|100%| O|  |TAMS 0x0000000089b00000, 0x0000000089c00000| Untracked 
| 156|0x0000000089c00000, 0x0000000089d00000, 0x0000000089d00000|100%| O|  |TAMS 0x0000000089c00000, 0x0000000089d00000| Untracked 
| 157|0x0000000089d00000, 0x0000000089e00000, 0x0000000089e00000|100%| O|  |TAMS 0x0000000089d00000, 0x0000000089e00000| Untracked 
| 158|0x0000000089e00000, 0x0000000089f00000, 0x0000000089f00000|100%| O|  |TAMS 0x0000000089e00000, 0x0000000089f00000| Untracked 
| 159|0x0000000089f00000, 0x000000008a000000, 0x000000008a000000|100%| O|  |TAMS 0x0000000089f00000, 0x000000008a000000| Untracked 
| 160|0x000000008a000000, 0x000000008a100000, 0x000000008a100000|100%| O|  |TAMS 0x000000008a000000, 0x000000008a100000| Untracked 
| 161|0x000000008a100000, 0x000000008a200000, 0x000000008a200000|100%| O|  |TAMS 0x000000008a100000, 0x000000008a200000| Untracked 
| 162|0x000000008a200000, 0x000000008a300000, 0x000000008a300000|100%| O|  |TAMS 0x000000008a200000, 0x000000008a300000| Untracked 
| 163|0x000000008a300000, 0x000000008a400000, 0x000000008a400000|100%| O|  |TAMS 0x000000008a300000, 0x000000008a400000| Untracked 
| 164|0x000000008a400000, 0x000000008a500000, 0x000000008a500000|100%| O|  |TAMS 0x000000008a400000, 0x000000008a500000| Untracked 
| 165|0x000000008a500000, 0x000000008a600000, 0x000000008a600000|100%| O|  |TAMS 0x000000008a500000, 0x000000008a600000| Untracked 
| 166|0x000000008a600000, 0x000000008a700000, 0x000000008a700000|100%| O|  |TAMS 0x000000008a600000, 0x000000008a700000| Untracked 
| 167|0x000000008a700000, 0x000000008a800000, 0x000000008a800000|100%| O|  |TAMS 0x000000008a700000, 0x000000008a800000| Untracked 
| 168|0x000000008a800000, 0x000000008a900000, 0x000000008a900000|100%| O|  |TAMS 0x000000008a800000, 0x000000008a900000| Untracked 
| 169|0x000000008a900000, 0x000000008aa00000, 0x000000008aa00000|100%| O|  |TAMS 0x000000008a900000, 0x000000008aa00000| Untracked 
| 170|0x000000008aa00000, 0x000000008ab00000, 0x000000008ab00000|100%| O|  |TAMS 0x000000008aa00000, 0x000000008ab00000| Untracked 
| 171|0x000000008ab00000, 0x000000008ac00000, 0x000000008ac00000|100%|HS|  |TAMS 0x000000008ab00000, 0x000000008ac00000| Complete 
| 172|0x000000008ac00000, 0x000000008ad00000, 0x000000008ad00000|100%|HS|  |TAMS 0x000000008ac00000, 0x000000008ad00000| Complete 
| 173|0x000000008ad00000, 0x000000008ae00000, 0x000000008ae00000|100%| O|  |TAMS 0x000000008ad00000, 0x000000008ae00000| Untracked 
| 174|0x000000008ae00000, 0x000000008af00000, 0x000000008af00000|100%| O|  |TAMS 0x000000008ae00000, 0x000000008af00000| Untracked 
| 175|0x000000008af00000, 0x000000008b000000, 0x000000008b000000|100%| O|  |TAMS 0x000000008af00000, 0x000000008b000000| Untracked 
| 176|0x000000008b000000, 0x000000008b100000, 0x000000008b100000|100%| O|  |TAMS 0x000000008b000000, 0x000000008b100000| Untracked 
| 177|0x000000008b100000, 0x000000008b200000, 0x000000008b200000|100%| O|  |TAMS 0x000000008b100000, 0x000000008b200000| Untracked 
| 178|0x000000008b200000, 0x000000008b300000, 0x000000008b300000|100%| O|  |TAMS 0x000000008b200000, 0x000000008b300000| Untracked 
| 179|0x000000008b300000, 0x000000008b400000, 0x000000008b400000|100%| O|  |TAMS 0x000000008b300000, 0x000000008b400000| Untracked 
| 180|0x000000008b400000, 0x000000008b500000, 0x000000008b500000|100%| O|  |TAMS 0x000000008b400000, 0x000000008b500000| Untracked 
| 181|0x000000008b500000, 0x000000008b600000, 0x000000008b600000|100%| O|  |TAMS 0x000000008b500000, 0x000000008b600000| Untracked 
| 182|0x000000008b600000, 0x000000008b700000, 0x000000008b700000|100%| O|  |TAMS 0x000000008b600000, 0x000000008b700000| Untracked 
| 183|0x000000008b700000, 0x000000008b800000, 0x000000008b800000|100%| O|  |TAMS 0x000000008b700000, 0x000000008b800000| Untracked 
| 184|0x000000008b800000, 0x000000008b900000, 0x000000008b900000|100%| O|  |TAMS 0x000000008b800000, 0x000000008b900000| Untracked 
| 185|0x000000008b900000, 0x000000008ba00000, 0x000000008ba00000|100%| O|  |TAMS 0x000000008b900000, 0x000000008ba00000| Untracked 
| 186|0x000000008ba00000, 0x000000008bb00000, 0x000000008bb00000|100%| O|  |TAMS 0x000000008ba00000, 0x000000008bb00000| Untracked 
| 187|0x000000008bb00000, 0x000000008bc00000, 0x000000008bc00000|100%| O|  |TAMS 0x000000008bb00000, 0x000000008bc00000| Untracked 
| 188|0x000000008bc00000, 0x000000008bd00000, 0x000000008bd00000|100%| O|  |TAMS 0x000000008bc00000, 0x000000008bd00000| Untracked 
| 189|0x000000008bd00000, 0x000000008be00000, 0x000000008be00000|100%| O|  |TAMS 0x000000008bd00000, 0x000000008be00000| Untracked 
| 190|0x000000008be00000, 0x000000008bf00000, 0x000000008bf00000|100%| O|  |TAMS 0x000000008be00000, 0x000000008bf00000| Untracked 
| 191|0x000000008bf00000, 0x000000008c000000, 0x000000008c000000|100%| O|  |TAMS 0x000000008bf00000, 0x000000008c000000| Untracked 
| 192|0x000000008c000000, 0x000000008c100000, 0x000000008c100000|100%| O|  |TAMS 0x000000008c000000, 0x000000008c100000| Untracked 
| 193|0x000000008c100000, 0x000000008c200000, 0x000000008c200000|100%| O|  |TAMS 0x000000008c100000, 0x000000008c200000| Untracked 
| 194|0x000000008c200000, 0x000000008c300000, 0x000000008c300000|100%| O|  |TAMS 0x000000008c200000, 0x000000008c300000| Untracked 
| 195|0x000000008c300000, 0x000000008c400000, 0x000000008c400000|100%| O|  |TAMS 0x000000008c300000, 0x000000008c400000| Untracked 
| 196|0x000000008c400000, 0x000000008c500000, 0x000000008c500000|100%| O|  |TAMS 0x000000008c400000, 0x000000008c500000| Untracked 
| 197|0x000000008c500000, 0x000000008c600000, 0x000000008c600000|100%| O|  |TAMS 0x000000008c500000, 0x000000008c600000| Untracked 
| 198|0x000000008c600000, 0x000000008c700000, 0x000000008c700000|100%| O|  |TAMS 0x000000008c600000, 0x000000008c700000| Untracked 
| 199|0x000000008c700000, 0x000000008c800000, 0x000000008c800000|100%| O|  |TAMS 0x000000008c700000, 0x000000008c800000| Untracked 
| 200|0x000000008c800000, 0x000000008c900000, 0x000000008c900000|100%| O|  |TAMS 0x000000008c800000, 0x000000008c900000| Untracked 
| 201|0x000000008c900000, 0x000000008ca00000, 0x000000008ca00000|100%| O|  |TAMS 0x000000008c900000, 0x000000008ca00000| Untracked 
| 202|0x000000008ca00000, 0x000000008cb00000, 0x000000008cb00000|100%| O|  |TAMS 0x000000008ca00000, 0x000000008cb00000| Untracked 
| 203|0x000000008cb00000, 0x000000008cc00000, 0x000000008cc00000|100%| O|  |TAMS 0x000000008cb00000, 0x000000008cc00000| Untracked 
| 204|0x000000008cc00000, 0x000000008cd00000, 0x000000008cd00000|100%| O|  |TAMS 0x000000008cc00000, 0x000000008cd00000| Untracked 
| 205|0x000000008cd00000, 0x000000008ce00000, 0x000000008ce00000|100%| O|  |TAMS 0x000000008cd00000, 0x000000008ce00000| Untracked 
| 206|0x000000008ce00000, 0x000000008cf00000, 0x000000008cf00000|100%| O|  |TAMS 0x000000008ce00000, 0x000000008cf00000| Untracked 
| 207|0x000000008cf00000, 0x000000008d000000, 0x000000008d000000|100%| O|  |TAMS 0x000000008cf00000, 0x000000008d000000| Untracked 
| 208|0x000000008d000000, 0x000000008d100000, 0x000000008d100000|100%| O|  |TAMS 0x000000008d000000, 0x000000008d100000| Untracked 
| 209|0x000000008d100000, 0x000000008d200000, 0x000000008d200000|100%| O|  |TAMS 0x000000008d100000, 0x000000008d200000| Untracked 
| 210|0x000000008d200000, 0x000000008d300000, 0x000000008d300000|100%| O|  |TAMS 0x000000008d200000, 0x000000008d300000| Untracked 
| 211|0x000000008d300000, 0x000000008d400000, 0x000000008d400000|100%| O|  |TAMS 0x000000008d300000, 0x000000008d400000| Untracked 
| 212|0x000000008d400000, 0x000000008d500000, 0x000000008d500000|100%| O|  |TAMS 0x000000008d400000, 0x000000008d500000| Untracked 
| 213|0x000000008d500000, 0x000000008d600000, 0x000000008d600000|100%| O|  |TAMS 0x000000008d500000, 0x000000008d600000| Untracked 
| 214|0x000000008d600000, 0x000000008d700000, 0x000000008d700000|100%| O|  |TAMS 0x000000008d600000, 0x000000008d700000| Untracked 
| 215|0x000000008d700000, 0x000000008d800000, 0x000000008d800000|100%| O|  |TAMS 0x000000008d700000, 0x000000008d800000| Untracked 
| 216|0x000000008d800000, 0x000000008d900000, 0x000000008d900000|100%| O|  |TAMS 0x000000008d800000, 0x000000008d900000| Untracked 
| 217|0x000000008d900000, 0x000000008da00000, 0x000000008da00000|100%| O|  |TAMS 0x000000008d900000, 0x000000008da00000| Untracked 
| 218|0x000000008da00000, 0x000000008db00000, 0x000000008db00000|100%| O|  |TAMS 0x000000008da00000, 0x000000008db00000| Untracked 
| 219|0x000000008db00000, 0x000000008dc00000, 0x000000008dc00000|100%| O|  |TAMS 0x000000008db00000, 0x000000008dc00000| Untracked 
| 220|0x000000008dc00000, 0x000000008dd00000, 0x000000008dd00000|100%| O|  |TAMS 0x000000008dc00000, 0x000000008dd00000| Untracked 
| 221|0x000000008dd00000, 0x000000008de00000, 0x000000008de00000|100%| O|  |TAMS 0x000000008dd00000, 0x000000008de00000| Untracked 
| 222|0x000000008de00000, 0x000000008df00000, 0x000000008df00000|100%| O|  |TAMS 0x000000008de00000, 0x000000008df00000| Untracked 
| 223|0x000000008df00000, 0x000000008e000000, 0x000000008e000000|100%| O|  |TAMS 0x000000008df00000, 0x000000008e000000| Untracked 
| 224|0x000000008e000000, 0x000000008e100000, 0x000000008e100000|100%| O|  |TAMS 0x000000008e000000, 0x000000008e100000| Untracked 
| 225|0x000000008e100000, 0x000000008e200000, 0x000000008e200000|100%| O|  |TAMS 0x000000008e100000, 0x000000008e200000| Untracked 
| 226|0x000000008e200000, 0x000000008e300000, 0x000000008e300000|100%| O|  |TAMS 0x000000008e200000, 0x000000008e300000| Untracked 
| 227|0x000000008e300000, 0x000000008e400000, 0x000000008e400000|100%| O|  |TAMS 0x000000008e300000, 0x000000008e400000| Untracked 
| 228|0x000000008e400000, 0x000000008e500000, 0x000000008e500000|100%| O|  |TAMS 0x000000008e400000, 0x000000008e500000| Untracked 
| 229|0x000000008e500000, 0x000000008e600000, 0x000000008e600000|100%| O|  |TAMS 0x000000008e500000, 0x000000008e600000| Untracked 
| 230|0x000000008e600000, 0x000000008e700000, 0x000000008e700000|100%| O|  |TAMS 0x000000008e600000, 0x000000008e700000| Untracked 
| 231|0x000000008e700000, 0x000000008e800000, 0x000000008e800000|100%| O|  |TAMS 0x000000008e700000, 0x000000008e800000| Untracked 
| 232|0x000000008e800000, 0x000000008e900000, 0x000000008e900000|100%| O|  |TAMS 0x000000008e800000, 0x000000008e900000| Untracked 
| 233|0x000000008e900000, 0x000000008ea00000, 0x000000008ea00000|100%| O|  |TAMS 0x000000008e900000, 0x000000008ea00000| Untracked 
| 234|0x000000008ea00000, 0x000000008eb00000, 0x000000008eb00000|100%| O|  |TAMS 0x000000008ea00000, 0x000000008eb00000| Untracked 
| 235|0x000000008eb00000, 0x000000008ec00000, 0x000000008ec00000|100%| O|  |TAMS 0x000000008eb00000, 0x000000008ec00000| Untracked 
| 236|0x000000008ec00000, 0x000000008ed00000, 0x000000008ed00000|100%| O|  |TAMS 0x000000008ec00000, 0x000000008ed00000| Untracked 
| 237|0x000000008ed00000, 0x000000008ee00000, 0x000000008ee00000|100%| O|  |TAMS 0x000000008ed00000, 0x000000008ee00000| Untracked 
| 238|0x000000008ee00000, 0x000000008ef00000, 0x000000008ef00000|100%| O|  |TAMS 0x000000008ee00000, 0x000000008ef00000| Untracked 
| 239|0x000000008ef00000, 0x000000008f000000, 0x000000008f000000|100%| O|  |TAMS 0x000000008ef00000, 0x000000008f000000| Untracked 
| 240|0x000000008f000000, 0x000000008f100000, 0x000000008f100000|100%| O|  |TAMS 0x000000008f000000, 0x000000008f100000| Untracked 
| 241|0x000000008f100000, 0x000000008f200000, 0x000000008f200000|100%| O|  |TAMS 0x000000008f100000, 0x000000008f200000| Untracked 
| 242|0x000000008f200000, 0x000000008f300000, 0x000000008f300000|100%| O|  |TAMS 0x000000008f200000, 0x000000008f300000| Untracked 
| 243|0x000000008f300000, 0x000000008f400000, 0x000000008f400000|100%| O|  |TAMS 0x000000008f300000, 0x000000008f400000| Untracked 
| 244|0x000000008f400000, 0x000000008f500000, 0x000000008f500000|100%| O|  |TAMS 0x000000008f400000, 0x000000008f500000| Untracked 
| 245|0x000000008f500000, 0x000000008f600000, 0x000000008f600000|100%| O|  |TAMS 0x000000008f500000, 0x000000008f600000| Untracked 
| 246|0x000000008f600000, 0x000000008f700000, 0x000000008f700000|100%| O|  |TAMS 0x000000008f600000, 0x000000008f700000| Untracked 
| 247|0x000000008f700000, 0x000000008f800000, 0x000000008f800000|100%| O|  |TAMS 0x000000008f700000, 0x000000008f800000| Untracked 
| 248|0x000000008f800000, 0x000000008f900000, 0x000000008f900000|100%| O|  |TAMS 0x000000008f800000, 0x000000008f900000| Untracked 
| 249|0x000000008f900000, 0x000000008fa00000, 0x000000008fa00000|100%| O|  |TAMS 0x000000008f900000, 0x000000008fa00000| Untracked 
| 250|0x000000008fa00000, 0x000000008fb00000, 0x000000008fb00000|100%| O|  |TAMS 0x000000008fa00000, 0x000000008fb00000| Untracked 
| 251|0x000000008fb00000, 0x000000008fc00000, 0x000000008fc00000|100%| O|  |TAMS 0x000000008fb00000, 0x000000008fc00000| Untracked 
| 252|0x000000008fc00000, 0x000000008fd00000, 0x000000008fd00000|100%| O|  |TAMS 0x000000008fc00000, 0x000000008fd00000| Untracked 
| 253|0x000000008fd00000, 0x000000008fe00000, 0x000000008fe00000|100%| O|  |TAMS 0x000000008fd00000, 0x000000008fe00000| Untracked 
| 254|0x000000008fe00000, 0x000000008ff00000, 0x000000008ff00000|100%| O|  |TAMS 0x000000008fe00000, 0x000000008ff00000| Untracked 
| 255|0x000000008ff00000, 0x0000000090000000, 0x0000000090000000|100%| O|  |TAMS 0x000000008ff00000, 0x0000000090000000| Untracked 
| 256|0x0000000090000000, 0x0000000090100000, 0x0000000090100000|100%| O|  |TAMS 0x0000000090000000, 0x0000000090100000| Untracked 
| 257|0x0000000090100000, 0x0000000090200000, 0x0000000090200000|100%| O|  |TAMS 0x0000000090100000, 0x0000000090200000| Untracked 
| 258|0x0000000090200000, 0x0000000090300000, 0x0000000090300000|100%| O|  |TAMS 0x0000000090200000, 0x0000000090300000| Untracked 
| 259|0x0000000090300000, 0x0000000090400000, 0x0000000090400000|100%| O|  |TAMS 0x0000000090300000, 0x0000000090400000| Untracked 
| 260|0x0000000090400000, 0x0000000090500000, 0x0000000090500000|100%| O|  |TAMS 0x0000000090400000, 0x0000000090500000| Untracked 
| 261|0x0000000090500000, 0x0000000090600000, 0x0000000090600000|100%| O|  |TAMS 0x0000000090500000, 0x0000000090600000| Untracked 
| 262|0x0000000090600000, 0x0000000090700000, 0x0000000090700000|100%| O|  |TAMS 0x0000000090600000, 0x0000000090700000| Untracked 
| 263|0x0000000090700000, 0x0000000090800000, 0x0000000090800000|100%| O|  |TAMS 0x0000000090700000, 0x0000000090800000| Untracked 
| 264|0x0000000090800000, 0x0000000090900000, 0x0000000090900000|100%| O|  |TAMS 0x0000000090800000, 0x0000000090900000| Untracked 
| 265|0x0000000090900000, 0x0000000090a00000, 0x0000000090a00000|100%| O|  |TAMS 0x0000000090900000, 0x0000000090a00000| Untracked 
| 266|0x0000000090a00000, 0x0000000090b00000, 0x0000000090b00000|100%| O|  |TAMS 0x0000000090a00000, 0x0000000090b00000| Untracked 
| 267|0x0000000090b00000, 0x0000000090c00000, 0x0000000090c00000|100%| O|  |TAMS 0x0000000090b00000, 0x0000000090c00000| Untracked 
| 268|0x0000000090c00000, 0x0000000090d00000, 0x0000000090d00000|100%| O|  |TAMS 0x0000000090c00000, 0x0000000090d00000| Untracked 
| 269|0x0000000090d00000, 0x0000000090e00000, 0x0000000090e00000|100%| O|  |TAMS 0x0000000090d00000, 0x0000000090e00000| Untracked 
| 270|0x0000000090e00000, 0x0000000090f00000, 0x0000000090f00000|100%| O|  |TAMS 0x0000000090e00000, 0x0000000090f00000| Untracked 
| 271|0x0000000090f00000, 0x0000000091000000, 0x0000000091000000|100%| O|  |TAMS 0x0000000090f00000, 0x0000000091000000| Untracked 
| 272|0x0000000091000000, 0x0000000091100000, 0x0000000091100000|100%| O|  |TAMS 0x0000000091000000, 0x0000000091100000| Untracked 
| 273|0x0000000091100000, 0x0000000091200000, 0x0000000091200000|100%| O|  |TAMS 0x0000000091100000, 0x0000000091200000| Untracked 
| 274|0x0000000091200000, 0x0000000091300000, 0x0000000091300000|100%| O|  |TAMS 0x0000000091200000, 0x0000000091300000| Untracked 
| 275|0x0000000091300000, 0x0000000091400000, 0x0000000091400000|100%| O|  |TAMS 0x0000000091300000, 0x0000000091400000| Untracked 
| 276|0x0000000091400000, 0x0000000091500000, 0x0000000091500000|100%| O|  |TAMS 0x0000000091400000, 0x0000000091500000| Untracked 
| 277|0x0000000091500000, 0x0000000091600000, 0x0000000091600000|100%| O|  |TAMS 0x0000000091500000, 0x0000000091600000| Untracked 
| 278|0x0000000091600000, 0x0000000091700000, 0x0000000091700000|100%| O|  |TAMS 0x0000000091600000, 0x0000000091700000| Untracked 
| 279|0x0000000091700000, 0x0000000091800000, 0x0000000091800000|100%| O|  |TAMS 0x0000000091700000, 0x0000000091800000| Untracked 
| 280|0x0000000091800000, 0x0000000091900000, 0x0000000091900000|100%| O|  |TAMS 0x0000000091800000, 0x0000000091900000| Untracked 
| 281|0x0000000091900000, 0x0000000091a00000, 0x0000000091a00000|100%| O|  |TAMS 0x0000000091900000, 0x0000000091a00000| Untracked 
| 282|0x0000000091a00000, 0x0000000091b00000, 0x0000000091b00000|100%| O|  |TAMS 0x0000000091a00000, 0x0000000091b00000| Untracked 
| 283|0x0000000091b00000, 0x0000000091c00000, 0x0000000091c00000|100%| O|  |TAMS 0x0000000091b00000, 0x0000000091c00000| Untracked 
| 284|0x0000000091c00000, 0x0000000091d00000, 0x0000000091d00000|100%| O|  |TAMS 0x0000000091c00000, 0x0000000091d00000| Untracked 
| 285|0x0000000091d00000, 0x0000000091e00000, 0x0000000091e00000|100%| O|  |TAMS 0x0000000091d00000, 0x0000000091e00000| Untracked 
| 286|0x0000000091e00000, 0x0000000091f00000, 0x0000000091f00000|100%| O|  |TAMS 0x0000000091e00000, 0x0000000091f00000| Untracked 
| 287|0x0000000091f00000, 0x0000000092000000, 0x0000000092000000|100%| O|  |TAMS 0x0000000091f00000, 0x0000000092000000| Untracked 
| 288|0x0000000092000000, 0x0000000092100000, 0x0000000092100000|100%| O|  |TAMS 0x0000000092000000, 0x0000000092100000| Untracked 
| 289|0x0000000092100000, 0x0000000092200000, 0x0000000092200000|100%| O|  |TAMS 0x0000000092100000, 0x0000000092200000| Untracked 
| 290|0x0000000092200000, 0x0000000092300000, 0x0000000092300000|100%| O|  |TAMS 0x0000000092200000, 0x0000000092300000| Untracked 
| 291|0x0000000092300000, 0x0000000092400000, 0x0000000092400000|100%| O|  |TAMS 0x0000000092300000, 0x0000000092400000| Untracked 
| 292|0x0000000092400000, 0x0000000092500000, 0x0000000092500000|100%| O|  |TAMS 0x0000000092400000, 0x0000000092500000| Untracked 
| 293|0x0000000092500000, 0x0000000092600000, 0x0000000092600000|100%| O|  |TAMS 0x0000000092500000, 0x0000000092600000| Untracked 
| 294|0x0000000092600000, 0x0000000092700000, 0x0000000092700000|100%| O|  |TAMS 0x0000000092600000, 0x00000000926a8600| Untracked 
| 295|0x0000000092700000, 0x0000000092800000, 0x0000000092800000|100%| O|  |TAMS 0x0000000092700000, 0x0000000092700000| Untracked 
| 296|0x0000000092800000, 0x0000000092900000, 0x0000000092900000|100%| O|  |TAMS 0x0000000092800000, 0x0000000092800000| Untracked 
| 297|0x0000000092900000, 0x00000000929fc200, 0x0000000092a00000| 98%| O|  |TAMS 0x0000000092900000, 0x0000000092900000| Untracked 
| 298|0x0000000092a00000, 0x0000000092a00000, 0x0000000092b00000|  0%| F|  |TAMS 0x0000000092a00000, 0x0000000092a00000| Untracked 
| 299|0x0000000092b00000, 0x0000000092b00000, 0x0000000092c00000|  0%| F|  |TAMS 0x0000000092b00000, 0x0000000092b00000| Untracked 
| 300|0x0000000092c00000, 0x0000000092c00000, 0x0000000092d00000|  0%| F|  |TAMS 0x0000000092c00000, 0x0000000092c00000| Untracked 
| 301|0x0000000092d00000, 0x0000000092d00000, 0x0000000092e00000|  0%| F|  |TAMS 0x0000000092d00000, 0x0000000092d00000| Untracked 
| 302|0x0000000092e00000, 0x0000000092e00000, 0x0000000092f00000|  0%| F|  |TAMS 0x0000000092e00000, 0x0000000092e00000| Untracked 
| 303|0x0000000092f00000, 0x0000000092f00000, 0x0000000093000000|  0%| F|  |TAMS 0x0000000092f00000, 0x0000000092f00000| Untracked 
| 304|0x0000000093000000, 0x0000000093000000, 0x0000000093100000|  0%| F|  |TAMS 0x0000000093000000, 0x0000000093000000| Untracked 
| 305|0x0000000093100000, 0x0000000093100000, 0x0000000093200000|  0%| F|  |TAMS 0x0000000093100000, 0x0000000093100000| Untracked 
| 306|0x0000000093200000, 0x0000000093200000, 0x0000000093300000|  0%| F|  |TAMS 0x0000000093200000, 0x0000000093200000| Untracked 
| 307|0x0000000093300000, 0x0000000093300000, 0x0000000093400000|  0%| F|  |TAMS 0x0000000093300000, 0x0000000093300000| Untracked 
| 308|0x0000000093400000, 0x0000000093400000, 0x0000000093500000|  0%| F|  |TAMS 0x0000000093400000, 0x0000000093400000| Untracked 
| 309|0x0000000093500000, 0x0000000093500000, 0x0000000093600000|  0%| F|  |TAMS 0x0000000093500000, 0x0000000093500000| Untracked 
| 310|0x0000000093600000, 0x0000000093600000, 0x0000000093700000|  0%| F|  |TAMS 0x0000000093600000, 0x0000000093600000| Untracked 
| 311|0x0000000093700000, 0x0000000093700000, 0x0000000093800000|  0%| F|  |TAMS 0x0000000093700000, 0x0000000093700000| Untracked 
| 312|0x0000000093800000, 0x0000000093800000, 0x0000000093900000|  0%| F|  |TAMS 0x0000000093800000, 0x0000000093800000| Untracked 
| 313|0x0000000093900000, 0x0000000093900000, 0x0000000093a00000|  0%| F|  |TAMS 0x0000000093900000, 0x0000000093900000| Untracked 
| 314|0x0000000093a00000, 0x0000000093a00000, 0x0000000093b00000|  0%| F|  |TAMS 0x0000000093a00000, 0x0000000093a00000| Untracked 
| 315|0x0000000093b00000, 0x0000000093b00000, 0x0000000093c00000|  0%| F|  |TAMS 0x0000000093b00000, 0x0000000093b00000| Untracked 
| 316|0x0000000093c00000, 0x0000000093c00000, 0x0000000093d00000|  0%| F|  |TAMS 0x0000000093c00000, 0x0000000093c00000| Untracked 
| 317|0x0000000093d00000, 0x0000000093d00000, 0x0000000093e00000|  0%| F|  |TAMS 0x0000000093d00000, 0x0000000093d00000| Untracked 
| 318|0x0000000093e00000, 0x0000000093e00000, 0x0000000093f00000|  0%| F|  |TAMS 0x0000000093e00000, 0x0000000093e00000| Untracked 
| 319|0x0000000093f00000, 0x0000000094000000, 0x0000000094000000|100%| S|CS|TAMS 0x0000000093f00000, 0x0000000093f00000| Complete 
| 320|0x0000000094000000, 0x0000000094100000, 0x0000000094100000|100%| S|CS|TAMS 0x0000000094000000, 0x0000000094000000| Complete 
| 321|0x0000000094100000, 0x0000000094100000, 0x0000000094200000|  0%| F|  |TAMS 0x0000000094100000, 0x0000000094100000| Untracked 
| 322|0x0000000094200000, 0x0000000094200000, 0x0000000094300000|  0%| F|  |TAMS 0x0000000094200000, 0x0000000094200000| Untracked 
| 323|0x0000000094300000, 0x0000000094300000, 0x0000000094400000|  0%| F|  |TAMS 0x0000000094300000, 0x0000000094300000| Untracked 
| 324|0x0000000094400000, 0x0000000094400000, 0x0000000094500000|  0%| F|  |TAMS 0x0000000094400000, 0x0000000094400000| Untracked 
| 325|0x0000000094500000, 0x0000000094500000, 0x0000000094600000|  0%| F|  |TAMS 0x0000000094500000, 0x0000000094500000| Untracked 
| 326|0x0000000094600000, 0x0000000094600000, 0x0000000094700000|  0%| F|  |TAMS 0x0000000094600000, 0x0000000094600000| Untracked 
| 327|0x0000000094700000, 0x0000000094700000, 0x0000000094800000|  0%| F|  |TAMS 0x0000000094700000, 0x0000000094700000| Untracked 
| 328|0x0000000094800000, 0x0000000094800000, 0x0000000094900000|  0%| F|  |TAMS 0x0000000094800000, 0x0000000094800000| Untracked 
| 329|0x0000000094900000, 0x0000000094900000, 0x0000000094a00000|  0%| F|  |TAMS 0x0000000094900000, 0x0000000094900000| Untracked 
| 330|0x0000000094a00000, 0x0000000094a00000, 0x0000000094b00000|  0%| F|  |TAMS 0x0000000094a00000, 0x0000000094a00000| Untracked 
| 331|0x0000000094b00000, 0x0000000094b00000, 0x0000000094c00000|  0%| F|  |TAMS 0x0000000094b00000, 0x0000000094b00000| Untracked 
| 332|0x0000000094c00000, 0x0000000094c00000, 0x0000000094d00000|  0%| F|  |TAMS 0x0000000094c00000, 0x0000000094c00000| Untracked 
| 333|0x0000000094d00000, 0x0000000094d00000, 0x0000000094e00000|  0%| F|  |TAMS 0x0000000094d00000, 0x0000000094d00000| Untracked 
| 334|0x0000000094e00000, 0x0000000094e00000, 0x0000000094f00000|  0%| F|  |TAMS 0x0000000094e00000, 0x0000000094e00000| Untracked 

Card table byte_map: [0x0000015770d70000,0x0000015771170000] _byte_map_base: 0x0000015770970000

Marking Bits (Prev, Next): (CMBitMap*) 0x0000015759d8ed20, (CMBitMap*) 0x0000015759d8ece0
 Prev Bits: [0x0000015773570000, 0x0000015775570000)
 Next Bits: [0x0000015771570000, 0x0000015773570000)

Polling page: 0x0000015757e80000

Metaspace:

Usage:
  Non-class:    101.99 MB used.
      Class:     16.04 MB used.
       Both:    118.03 MB used.

Virtual space:
  Non-class space:      128.00 MB reserved,     103.38 MB ( 81%) committed,  2 nodes.
      Class space:      412.00 MB reserved,      17.38 MB (  4%) committed,  1 nodes.
             Both:      540.00 MB reserved,     120.75 MB ( 22%) committed. 

Chunk freelists:
   Non-Class:  3.95 MB
       Class:  2.65 MB
        Both:  6.61 MB

MaxMetaspaceSize: 512.00 MB
CompressedClassSpaceSize: 412.00 MB
Initial GC threshold: 21.00 MB
Current GC threshold: 144.38 MB
CDS: on
MetaspaceReclaimPolicy: balanced
 - commit_granule_bytes: 65536.
 - commit_granule_words: 8192.
 - virtual_space_node_default_size: 8388608.
 - enlarge_chunks_in_place: 1.
 - new_chunks_are_fully_committed: 0.
 - uncommit_free_chunks: 1.
 - use_allocation_guard: 0.


Internal statistics:

num_allocs_failed_limit: 6.
num_arena_births: 4536.
num_arena_deaths: 0.
num_vsnodes_births: 3.
num_vsnodes_deaths: 0.
num_space_committed: 1931.
num_space_uncommitted: 0.
num_chunks_returned_to_freelist: 6.
num_chunks_taken_from_freelist: 10322.
num_chunk_merges: 3.
num_chunk_splits: 6660.
num_chunks_enlarged: 4156.
num_inconsistent_stats: 0.

CodeHeap 'non-profiled nmethods': size=120000Kb used=11836Kb max_used=11836Kb free=108163Kb
 bounds [0x0000015769110000, 0x0000015769ca0000, 0x0000015770640000]
CodeHeap 'profiled nmethods': size=120000Kb used=35780Kb max_used=35780Kb free=84219Kb
 bounds [0x0000015761be0000, 0x0000015763ee0000, 0x0000015769110000]
CodeHeap 'non-nmethods': size=5760Kb used=2492Kb max_used=2569Kb free=3267Kb
 bounds [0x0000015761640000, 0x00000157618e0000, 0x0000015761be0000]
 total_blobs=19463 nmethods=18440 adapters=934
 compilation: enabled
              stopped_count=0, restarted_count=0
 full_count=0

Compilation events (20 events):
Event: 2622.228 Thread 0x0000015777f8a810 nmethod 23115 0x0000015763ec9790 code [0x0000015763ec99a0, 0x0000015763eca0c8]
Event: 2622.228 Thread 0x0000015777f8a810 23116       3       org.gradle.internal.metaobject.BeanDynamicObject::trySetProperty (10 bytes)
Event: 2622.229 Thread 0x0000015777f8a810 nmethod 23116 0x0000015763eca390 code [0x0000015763eca540, 0x0000015763eca708]
Event: 2622.229 Thread 0x0000015777f8a810 23117   !   3       org.gradle.internal.metaobject.BeanDynamicObject$MetaClassAdapter::setProperty (386 bytes)
Event: 2622.240 Thread 0x0000015777f8a810 nmethod 23117 0x0000015763eca810 code [0x0000015763ecada0, 0x0000015763ece6c8]
Event: 2622.240 Thread 0x0000015777f8a810 23118   !   3       org.gradle.internal.work.DefaultSynchronizer::releaseOwnership (24 bytes)
Event: 2622.241 Thread 0x0000015777f8a810 nmethod 23118 0x0000015763ecf690 code [0x0000015763ecf840, 0x0000015763ecfac8]
Event: 2622.241 Thread 0x0000015777f8a810 23119       3       org.gradle.api.internal.project.DefaultProjectStateRegistry$ProjectStateImpl::getBuildParent (94 bytes)
Event: 2622.242 Thread 0x0000015777f81e20 nmethod 23094 0x0000015769c9da90 code [0x0000015769c9dc40, 0x0000015769c9e6c8]
Event: 2622.242 Thread 0x0000015777f81e20 23101       4       com.android.build.gradle.internal.api.DefaultAndroidSourceSet_Decorated::getName (40 bytes)
Event: 2622.243 Thread 0x0000015777f81e20 nmethod 23101 0x0000015769c9eb10 code [0x0000015769c9ec80, 0x0000015769c9ed18]
Event: 2622.243 Thread 0x0000015777f81e20 23102  s    4       com.android.build.api.artifact.impl.TypedStorageProvider::getArtifact$gradle_core (80 bytes)
Event: 2622.244 Thread 0x0000015777f8a810 nmethod 23119 0x0000015763ecfc10 code [0x0000015763ecff40, 0x0000015763ed1058]
Event: 2622.244 Thread 0x0000015777f8a810 23120       1       org.gradle.api.internal.artifacts.ivyservice.modulecache.FileStoreAndIndexProvider::getArtifactIdentifierFileStore (5 bytes)
Event: 2622.244 Thread 0x0000015777f8a810 nmethod 23120 0x0000015769c9ee10 code [0x0000015769c9efa0, 0x0000015769c9f078]
Event: 2622.265 Thread 0x0000015777f8a810 23123       3       org.gradle.api.internal.artifacts.ivyservice.resolveengine.oldresult.TransientConfigurationResultsBuilder$$Lambda$762/0x00000008012877e8::write (9 bytes)
Event: 2622.266 Thread 0x0000015777f8a810 nmethod 23123 0x0000015763ed1610 code [0x0000015763ed17c0, 0x0000015763ed1af8]
Event: 2622.266 Thread 0x0000015777f8a810 23124       3       org.gradle.api.internal.artifacts.ivyservice.resolveengine.oldresult.TransientConfigurationResultsBuilder::lambda$firstLevelDependency$2 (18 bytes)
Event: 2622.266 Thread 0x0000015777f8a810 nmethod 23124 0x0000015763ed1c10 code [0x0000015763ed1dc0, 0x0000015763ed2078]
Event: 2622.283 Thread 0x0000015777f8a810 23128   !   3       jdk.proxy1.$Proxy32::childScopeCreated (42 bytes)

GC Heap History (20 events):
Event: 648.115 GC heap after
{Heap after GC invocations=95 (full 0):
 garbage-first heap   total 343040K, used 279958K [0x0000000080000000, 0x0000000100000000)
  region size 1024K, 1 young (1024K), 1 survivors (1024K)
 Metaspace       used 120183K, committed 123008K, reserved 552960K
  class space    used 16408K, committed 17792K, reserved 421888K
}
Event: 1790.575 GC heap before
{Heap before GC invocations=95 (full 0):
 garbage-first heap   total 343040K, used 303510K [0x0000000080000000, 0x0000000100000000)
  region size 1024K, 24 young (24576K), 1 survivors (1024K)
 Metaspace       used 120279K, committed 123136K, reserved 552960K
  class space    used 16409K, committed 17792K, reserved 421888K
}
Event: 1790.678 GC heap after
{Heap after GC invocations=96 (full 0):
 garbage-first heap   total 343040K, used 279548K [0x0000000080000000, 0x0000000100000000)
  region size 1024K, 1 young (1024K), 1 survivors (1024K)
 Metaspace       used 120279K, committed 123136K, reserved 552960K
  class space    used 16409K, committed 17792K, reserved 421888K
}
Event: 2581.167 GC heap before
{Heap before GC invocations=96 (full 0):
 garbage-first heap   total 343040K, used 302076K [0x0000000080000000, 0x0000000100000000)
  region size 1024K, 24 young (24576K), 1 survivors (1024K)
 Metaspace       used 120363K, committed 123200K, reserved 552960K
  class space    used 16413K, committed 17792K, reserved 421888K
}
Event: 2581.204 GC heap after
{Heap after GC invocations=97 (full 0):
 garbage-first heap   total 343040K, used 280448K [0x0000000080000000, 0x0000000100000000)
  region size 1024K, 2 young (2048K), 2 survivors (2048K)
 Metaspace       used 120363K, committed 123200K, reserved 552960K
  class space    used 16413K, committed 17792K, reserved 421888K
}
Event: 2584.065 GC heap before
{Heap before GC invocations=97 (full 0):
 garbage-first heap   total 343040K, used 302976K [0x0000000080000000, 0x0000000100000000)
  region size 1024K, 24 young (24576K), 2 survivors (2048K)
 Metaspace       used 120478K, committed 123328K, reserved 552960K
  class space    used 16413K, committed 17792K, reserved 421888K
}
Event: 2584.266 GC heap after
{Heap after GC invocations=98 (full 0):
 garbage-first heap   total 343040K, used 282876K [0x0000000080000000, 0x0000000100000000)
  region size 1024K, 3 young (3072K), 3 survivors (3072K)
 Metaspace       used 120478K, committed 123328K, reserved 552960K
  class space    used 16413K, committed 17792K, reserved 421888K
}
Event: 2586.440 GC heap before
{Heap before GC invocations=98 (full 0):
 garbage-first heap   total 343040K, used 302332K [0x0000000080000000, 0x0000000100000000)
  region size 1024K, 22 young (22528K), 3 survivors (3072K)
 Metaspace       used 120491K, committed 123328K, reserved 552960K
  class space    used 16413K, committed 17792K, reserved 421888K
}
Event: 2586.489 GC heap after
{Heap after GC invocations=99 (full 0):
 garbage-first heap   total 343040K, used 285453K [0x0000000080000000, 0x0000000100000000)
  region size 1024K, 3 young (3072K), 3 survivors (3072K)
 Metaspace       used 120491K, committed 123328K, reserved 552960K
  class space    used 16413K, committed 17792K, reserved 421888K
}
Event: 2619.452 GC heap before
{Heap before GC invocations=99 (full 0):
 garbage-first heap   total 343040K, used 300813K [0x0000000080000000, 0x0000000100000000)
  region size 1024K, 19 young (19456K), 3 survivors (3072K)
 Metaspace       used 120592K, committed 123392K, reserved 552960K
  class space    used 16415K, committed 17792K, reserved 421888K
}
Event: 2619.509 GC heap after
{Heap after GC invocations=100 (full 0):
 garbage-first heap   total 343040K, used 288799K [0x0000000080000000, 0x0000000100000000)
  region size 1024K, 3 young (3072K), 3 survivors (3072K)
 Metaspace       used 120592K, committed 123392K, reserved 552960K
  class space    used 16415K, committed 17792K, reserved 421888K
}
Event: 2620.405 GC heap before
{Heap before GC invocations=100 (full 0):
 garbage-first heap   total 343040K, used 302111K [0x0000000080000000, 0x0000000100000000)
  region size 1024K, 16 young (16384K), 3 survivors (3072K)
 Metaspace       used 120643K, committed 123456K, reserved 552960K
  class space    used 16417K, committed 17792K, reserved 421888K
}
Event: 2620.424 GC heap after
{Heap after GC invocations=101 (full 0):
 garbage-first heap   total 343040K, used 292368K [0x0000000080000000, 0x0000000100000000)
  region size 1024K, 2 young (2048K), 2 survivors (2048K)
 Metaspace       used 120643K, committed 123456K, reserved 552960K
  class space    used 16417K, committed 17792K, reserved 421888K
}
Event: 2620.685 GC heap before
{Heap before GC invocations=101 (full 0):
 garbage-first heap   total 343040K, used 306704K [0x0000000080000000, 0x0000000100000000)
  region size 1024K, 16 young (16384K), 2 survivors (2048K)
 Metaspace       used 120685K, committed 123520K, reserved 552960K
  class space    used 16417K, committed 17792K, reserved 421888K
}
Event: 2620.708 GC heap after
{Heap after GC invocations=102 (full 0):
 garbage-first heap   total 343040K, used 296561K [0x0000000080000000, 0x0000000100000000)
  region size 1024K, 2 young (2048K), 2 survivors (2048K)
 Metaspace       used 120685K, committed 123520K, reserved 552960K
  class space    used 16417K, committed 17792K, reserved 421888K
}
Event: 2620.948 GC heap before
{Heap before GC invocations=102 (full 0):
 garbage-first heap   total 343040K, used 310897K [0x0000000080000000, 0x0000000100000000)
  region size 1024K, 16 young (16384K), 2 survivors (2048K)
 Metaspace       used 120730K, committed 123520K, reserved 552960K
  class space    used 16418K, committed 17792K, reserved 421888K
}
Event: 2620.971 GC heap after
{Heap after GC invocations=103 (full 0):
 garbage-first heap   total 343040K, used 300832K [0x0000000080000000, 0x0000000100000000)
  region size 1024K, 2 young (2048K), 2 survivors (2048K)
 Metaspace       used 120730K, committed 123520K, reserved 552960K
  class space    used 16418K, committed 17792K, reserved 421888K
}
Event: 2621.634 GC heap before
{Heap before GC invocations=103 (full 0):
 garbage-first heap   total 343040K, used 315168K [0x0000000080000000, 0x0000000100000000)
  region size 1024K, 16 young (16384K), 2 survivors (2048K)
 Metaspace       used 120800K, committed 123584K, reserved 552960K
  class space    used 16420K, committed 17792K, reserved 421888K
}
Event: 2621.658 GC heap after
{Heap after GC invocations=104 (full 0):
 garbage-first heap   total 343040K, used 303642K [0x0000000080000000, 0x0000000100000000)
  region size 1024K, 2 young (2048K), 2 survivors (2048K)
 Metaspace       used 120800K, committed 123584K, reserved 552960K
  class space    used 16420K, committed 17792K, reserved 421888K
}
Event: 2622.294 GC heap before
{Heap before GC invocations=104 (full 0):
 garbage-first heap   total 343040K, used 317978K [0x0000000080000000, 0x0000000100000000)
  region size 1024K, 16 young (16384K), 2 survivors (2048K)
 Metaspace       used 120862K, committed 123648K, reserved 552960K
  class space    used 16421K, committed 17792K, reserved 421888K
}

Deoptimization events (20 events):
Event: 2613.699 Thread 0x0000015707703d10 DEOPT PACKING pc=0x0000015762635a29 sp=0x00000031d2cf4fc0
Event: 2613.700 Thread 0x0000015707703d10 DEOPT UNPACKING pc=0x0000015761692b43 sp=0x00000031d2cf4468 mode 0
Event: 2619.623 Thread 0x0000015707703d10 Uncommon trap: trap_request=0xffffffdc fr.pc=0x0000015769c30940 relative=0x0000000000000480
Event: 2619.623 Thread 0x0000015707703d10 Uncommon trap: reason=class_check action=make_not_entrant pc=0x0000015769c30940 method=com.google.common.collect.Platform.copy([Ljava/lang/Object;II[Ljava/lang/Object;)[Ljava/lang/Object; @ 7 c2
Event: 2619.623 Thread 0x0000015707703d10 DEOPT PACKING pc=0x0000015769c30940 sp=0x00000031d2cf8200
Event: 2619.623 Thread 0x0000015707703d10 DEOPT UNPACKING pc=0x00000157616923a3 sp=0x00000031d2cf8130 mode 2
Event: 2619.629 Thread 0x0000015707703d10 DEOPT PACKING pc=0x0000015762a08367 sp=0x00000031d2cf7db0
Event: 2619.629 Thread 0x0000015707703d10 DEOPT UNPACKING pc=0x0000015761692b43 sp=0x00000031d2cf7138 mode 0
Event: 2620.842 Thread 0x0000015707703d10 Uncommon trap: trap_request=0xffffff45 fr.pc=0x00000157692022d4 relative=0x0000000000000714
Event: 2620.842 Thread 0x0000015707703d10 Uncommon trap: reason=unstable_if action=reinterpret pc=0x00000157692022d4 method=java.lang.Integer.stringSize(I)I @ 19 c2
Event: 2620.842 Thread 0x0000015707703d10 DEOPT PACKING pc=0x00000157692022d4 sp=0x00000031d2cf66b0
Event: 2620.842 Thread 0x0000015707703d10 DEOPT UNPACKING pc=0x00000157616923a3 sp=0x00000031d2cf65e8 mode 2
Event: 2621.707 Thread 0x000001577e52b550 Uncommon trap: trap_request=0xffffff45 fr.pc=0x00000157697473b4 relative=0x0000000000000214
Event: 2621.707 Thread 0x000001577e52b550 Uncommon trap: reason=unstable_if action=reinterpret pc=0x00000157697473b4 method=java.util.concurrent.locks.AbstractQueuedSynchronizer.hasQueuedPredecessors()Z @ 33 c2
Event: 2621.707 Thread 0x000001577e52b550 DEOPT PACKING pc=0x00000157697473b4 sp=0x00000031d44fec50
Event: 2621.707 Thread 0x000001577e52b550 DEOPT UNPACKING pc=0x00000157616923a3 sp=0x00000031d44feb98 mode 2
Event: 2622.136 Thread 0x0000015707703d10 Uncommon trap: trap_request=0xffffff54 fr.pc=0x0000015769c55d84 relative=0x00000000000006e4
Event: 2622.136 Thread 0x0000015707703d10 Uncommon trap: reason=speculate_null_assert action=make_not_entrant pc=0x0000015769c55d84 method=org.gradle.internal.logging.sink.OutputEventTransformer.onOutput(Lorg/gradle/internal/logging/events/OutputEvent;)V @ 345 c2
Event: 2622.136 Thread 0x0000015707703d10 DEOPT PACKING pc=0x0000015769c55d84 sp=0x00000031d2cf6400
Event: 2622.136 Thread 0x0000015707703d10 DEOPT UNPACKING pc=0x00000157616923a3 sp=0x00000031d2cf6398 mode 2

Classes loaded (20 events):
Event: 156.460 Loading class java/lang/ProcessBuilder$NullInputStream
Event: 156.461 Loading class java/lang/ProcessBuilder$NullInputStream done
Event: 156.773 Loading class java/net/BindException
Event: 156.773 Loading class java/net/BindException done
Event: 156.776 Loading class java/nio/BufferOverflowException
Event: 156.776 Loading class java/nio/BufferOverflowException done
Event: 156.791 Loading class sun/nio/ch/ServerSocketChannelImpl$DefaultOptionsHolder
Event: 156.792 Loading class sun/nio/ch/ServerSocketChannelImpl$DefaultOptionsHolder done
Event: 156.796 Loading class java/nio/channels/AsynchronousCloseException
Event: 156.797 Loading class java/nio/channels/AsynchronousCloseException done
Event: 172.928 Loading class java/util/Locale$1
Event: 172.929 Loading class java/util/Locale$1 done
Event: 2555.551 Loading class jdk/internal/math/FormattedFloatingDecimal$Form
Event: 2555.632 Loading class jdk/internal/math/FormattedFloatingDecimal$Form done
Event: 2555.637 Loading class jdk/internal/math/FormattedFloatingDecimal
Event: 2555.744 Loading class jdk/internal/math/FormattedFloatingDecimal done
Event: 2555.751 Loading class jdk/internal/math/FormattedFloatingDecimal$1
Event: 2555.770 Loading class jdk/internal/math/FormattedFloatingDecimal$1 done
Event: 2555.809 Loading class jdk/internal/math/FormattedFloatingDecimal$2
Event: 2555.811 Loading class jdk/internal/math/FormattedFloatingDecimal$2 done

Classes unloaded (0 events):
No events

Classes redefined (0 events):
No events

Internal exceptions (20 events):
Event: 2620.071 Thread 0x0000015707703d10 Implicit null exception at 0x00000157630f1049 to 0x00000157630f16d9
Event: 2620.071 Thread 0x0000015707703d10 Exception <a 'java/lang/NullPointerException'{0x000000009488f1e8}> (0x000000009488f1e8) 
thrown [t:\workspace\open\src\hotspot\share\runtime\sharedRuntime.cpp, line 625]
Event: 2620.071 Thread 0x0000015707703d10 Implicit null exception at 0x00000157630f1049 to 0x00000157630f16d9
Event: 2620.071 Thread 0x0000015707703d10 Exception <a 'java/lang/NullPointerException'{0x0000000094890820}> (0x0000000094890820) 
thrown [t:\workspace\open\src\hotspot\share\runtime\sharedRuntime.cpp, line 625]
Event: 2621.326 Thread 0x0000015707703d10 Exception <a 'sun/nio/fs/WindowsException'{0x0000000094712ed8}> (0x0000000094712ed8) 
thrown [t:\workspace\open\src\hotspot\share\prims\jni.cpp, line 516]
Event: 2621.373 Thread 0x0000015707703d10 Exception <a 'sun/nio/fs/WindowsException'{0x0000000094745e98}> (0x0000000094745e98) 
thrown [t:\workspace\open\src\hotspot\share\prims\jni.cpp, line 516]
Event: 2621.429 Thread 0x0000015707703d10 Exception <a 'sun/nio/fs/WindowsException'{0x00000000947a1b70}> (0x00000000947a1b70) 
thrown [t:\workspace\open\src\hotspot\share\prims\jni.cpp, line 516]
Event: 2621.522 Thread 0x0000015707703d10 Exception <a 'sun/nio/fs/WindowsException'{0x0000000094455548}> (0x0000000094455548) 
thrown [t:\workspace\open\src\hotspot\share\prims\jni.cpp, line 516]
Event: 2622.126 Thread 0x0000015707703d10 Implicit null exception at 0x00000157630f1049 to 0x00000157630f16d9
Event: 2622.127 Thread 0x0000015707703d10 Exception <a 'java/lang/NullPointerException'{0x000000009478df98}> (0x000000009478df98) 
thrown [t:\workspace\open\src\hotspot\share\runtime\sharedRuntime.cpp, line 625]
Event: 2622.127 Thread 0x0000015707703d10 Implicit null exception at 0x00000157630f1049 to 0x00000157630f16d9
Event: 2622.127 Thread 0x0000015707703d10 Exception <a 'java/lang/NullPointerException'{0x000000009478f7e8}> (0x000000009478f7e8) 
thrown [t:\workspace\open\src\hotspot\share\runtime\sharedRuntime.cpp, line 625]
Event: 2622.127 Thread 0x0000015707703d10 Implicit null exception at 0x00000157630f1049 to 0x00000157630f16d9
Event: 2622.127 Thread 0x0000015707703d10 Exception <a 'java/lang/NullPointerException'{0x0000000094791000}> (0x0000000094791000) 
thrown [t:\workspace\open\src\hotspot\share\runtime\sharedRuntime.cpp, line 625]
Event: 2622.127 Thread 0x0000015707703d10 Implicit null exception at 0x00000157630f1049 to 0x00000157630f16d9
Event: 2622.127 Thread 0x0000015707703d10 Exception <a 'java/lang/NullPointerException'{0x0000000094792818}> (0x0000000094792818) 
thrown [t:\workspace\open\src\hotspot\share\runtime\sharedRuntime.cpp, line 625]
Event: 2622.127 Thread 0x0000015707703d10 Implicit null exception at 0x00000157630f1049 to 0x00000157630f16d9
Event: 2622.127 Thread 0x0000015707703d10 Exception <a 'java/lang/NullPointerException'{0x0000000094794030}> (0x0000000094794030) 
thrown [t:\workspace\open\src\hotspot\share\runtime\sharedRuntime.cpp, line 625]
Event: 2622.127 Thread 0x0000015707703d10 Implicit null exception at 0x00000157630f1049 to 0x00000157630f16d9
Event: 2622.127 Thread 0x0000015707703d10 Exception <a 'java/lang/NullPointerException'{0x0000000094795910}> (0x0000000094795910) 
thrown [t:\workspace\open\src\hotspot\share\runtime\sharedRuntime.cpp, line 625]

VM Operations (20 events):
Event: 2613.723 Executing VM operation: Cleanup done
Event: 2614.732 Executing VM operation: Cleanup
Event: 2614.733 Executing VM operation: Cleanup done
Event: 2616.748 Executing VM operation: Cleanup
Event: 2616.748 Executing VM operation: Cleanup done
Event: 2617.756 Executing VM operation: Cleanup
Event: 2617.756 Executing VM operation: Cleanup done
Event: 2618.767 Executing VM operation: Cleanup
Event: 2618.767 Executing VM operation: Cleanup done
Event: 2619.449 Executing VM operation: G1CollectForAllocation
Event: 2619.510 Executing VM operation: G1CollectForAllocation done
Event: 2620.405 Executing VM operation: G1CollectForAllocation
Event: 2620.424 Executing VM operation: G1CollectForAllocation done
Event: 2620.684 Executing VM operation: G1CollectForAllocation
Event: 2620.708 Executing VM operation: G1CollectForAllocation done
Event: 2620.948 Executing VM operation: G1CollectForAllocation
Event: 2620.971 Executing VM operation: G1CollectForAllocation done
Event: 2621.633 Executing VM operation: G1CollectForAllocation
Event: 2621.658 Executing VM operation: G1CollectForAllocation done
Event: 2622.283 Executing VM operation: G1CollectForAllocation

Events (20 events):
Event: 2585.854 Thread 0x000001570056c8e0 Thread added: 0x000001570056c8e0
Event: 2585.984 Thread 0x000001570056cdb0 Thread added: 0x000001570056cdb0
Event: 2585.985 Thread 0x000001570056d280 Thread added: 0x000001570056d280
Event: 2585.986 Thread 0x000001570056ef60 Thread added: 0x000001570056ef60
Event: 2585.986 Thread 0x000001570056dc20 Thread added: 0x000001570056dc20
Event: 2585.988 Thread 0x0000015701d6e800 Thread added: 0x0000015701d6e800
Event: 2585.989 Thread 0x0000015701d6d990 Thread added: 0x0000015701d6d990
Event: 2585.989 Thread 0x0000015701d6bcb0 Thread added: 0x0000015701d6bcb0
Event: 2613.618 Thread 0x000001570771cdf0 Thread added: 0x000001570771cdf0
Event: 2614.637 Thread 0x000001570771cdf0 Thread exited: 0x000001570771cdf0
Event: 2619.651 Thread 0x0000015701d721c0 Thread added: 0x0000015701d721c0
Event: 2619.652 Thread 0x0000015701d72690 Thread added: 0x0000015701d72690
Event: 2619.652 Thread 0x0000015701d6f670 Thread added: 0x0000015701d6f670
Event: 2619.653 Thread 0x0000015701d6fb40 Thread added: 0x0000015701d6fb40
Event: 2619.654 Thread 0x0000015701d6cff0 Thread added: 0x0000015701d6cff0
Event: 2619.655 Thread 0x0000015701d6de60 Thread added: 0x0000015701d6de60
Event: 2619.656 Thread 0x0000015701d72b60 Thread added: 0x0000015701d72b60
Event: 2621.792 Thread 0x0000015701d73500 Thread added: 0x0000015701d73500
Event: 2621.793 Thread 0x0000015701d71350 Thread added: 0x0000015701d71350
Event: 2622.267 Thread 0x0000015701d70e80 Thread added: 0x0000015701d70e80


Dynamic libraries:
0x00007ff7fed60000 - 0x00007ff7fed70000 	C:\Program Files\Java\jdk-18\bin\java.exe
0x00007ffad1fd0000 - 0x00007ffad21e7000 	C:\WINDOWS\SYSTEM32\ntdll.dll
0x00007ffad06e0000 - 0x00007ffad07a4000 	C:\WINDOWS\System32\KERNEL32.DLL
0x00007ffacf3a0000 - 0x00007ffacf74d000 	C:\WINDOWS\System32\KERNELBASE.dll
0x00007ffacf9d0000 - 0x00007ffacfae1000 	C:\WINDOWS\System32\ucrtbase.dll
0x00007ffac7b90000 - 0x00007ffac7ba8000 	C:\Program Files\Java\jdk-18\bin\jli.dll
0x00007ffac7a00000 - 0x00007ffac7a1a000 	C:\Program Files\Java\jdk-18\bin\VCRUNTIME140.dll
0x00007ffad07b0000 - 0x00007ffad0862000 	C:\WINDOWS\System32\ADVAPI32.dll
0x00007ffad0c50000 - 0x00007ffad0cf7000 	C:\WINDOWS\System32\msvcrt.dll
0x00007ffacff40000 - 0x00007ffacffe9000 	C:\WINDOWS\System32\sechost.dll
0x00007ffacf300000 - 0x00007ffacf328000 	C:\WINDOWS\System32\bcrypt.dll
0x00007ffacfd20000 - 0x00007ffacfe34000 	C:\WINDOWS\System32\RPCRT4.dll
0x00007ffad0870000 - 0x00007ffad0a1e000 	C:\WINDOWS\System32\USER32.dll
0x00007ffacfaf0000 - 0x00007ffacfb16000 	C:\WINDOWS\System32\win32u.dll
0x00007ffad0b00000 - 0x00007ffad0b29000 	C:\WINDOWS\System32\GDI32.dll
0x00007ffabc640000 - 0x00007ffabc8d3000 	C:\WINDOWS\WinSxS\amd64_microsoft.windows.common-controls_6595b64144ccf1df_6.0.22621.3672_none_2713b9d173822955\COMCTL32.dll
0x00007ffacf810000 - 0x00007ffacf929000 	C:\WINDOWS\System32\gdi32full.dll
0x00007ffacf930000 - 0x00007ffacf9ca000 	C:\WINDOWS\System32\msvcp_win.dll
0x00007ffac7990000 - 0x00007ffac799a000 	C:\WINDOWS\SYSTEM32\VERSION.dll
0x00007ffad1850000 - 0x00007ffad1881000 	C:\WINDOWS\System32\IMM32.DLL
0x00007ffacb530000 - 0x00007ffacb53c000 	C:\Program Files\Java\jdk-18\bin\vcruntime140_1.dll
0x00007ffaae8f0000 - 0x00007ffaae97d000 	C:\Program Files\Java\jdk-18\bin\msvcp140.dll
0x00007ffa7b5b0000 - 0x00007ffa7c1c1000 	C:\Program Files\Java\jdk-18\bin\server\jvm.dll
0x00007ffad1580000 - 0x00007ffad1588000 	C:\WINDOWS\System32\PSAPI.DLL
0x00007ffab3510000 - 0x00007ffab3519000 	C:\WINDOWS\SYSTEM32\WSOCK32.dll
0x00007ffaca890000 - 0x00007ffaca8c4000 	C:\WINDOWS\SYSTEM32\WINMM.dll
0x00007ffad1890000 - 0x00007ffad1901000 	C:\WINDOWS\System32\WS2_32.dll
0x00007fface420000 - 0x00007fface438000 	C:\WINDOWS\SYSTEM32\kernel.appcore.dll
0x00007ffac7d10000 - 0x00007ffac7d1a000 	C:\Program Files\Java\jdk-18\bin\jimage.dll
0x00007ffac8270000 - 0x00007ffac84a2000 	C:\WINDOWS\SYSTEM32\DBGHELP.DLL
0x00007ffad1910000 - 0x00007ffad1c98000 	C:\WINDOWS\System32\combase.dll
0x00007ffad1ca0000 - 0x00007ffad1d77000 	C:\WINDOWS\System32\OLEAUT32.dll
0x00007ffac7ed0000 - 0x00007ffac7f02000 	C:\WINDOWS\SYSTEM32\dbgcore.DLL
0x00007ffacfb20000 - 0x00007ffacfb9b000 	C:\WINDOWS\System32\bcryptPrimitives.dll
0x00007ffabcf50000 - 0x00007ffabcf5e000 	C:\Program Files\Java\jdk-18\bin\instrument.dll
0x00007ffab5bf0000 - 0x00007ffab5c15000 	C:\Program Files\Java\jdk-18\bin\java.dll
0x00007ffaae5d0000 - 0x00007ffaae6a6000 	C:\Program Files\Java\jdk-18\bin\jsvml.dll
0x00007ffad0d00000 - 0x00007ffad155f000 	C:\WINDOWS\System32\SHELL32.dll
0x00007ffacd260000 - 0x00007ffacdb5c000 	C:\WINDOWS\SYSTEM32\windows.storage.dll
0x00007ffacd120000 - 0x00007ffacd25f000 	C:\WINDOWS\SYSTEM32\wintypes.dll
0x00007ffad1590000 - 0x00007ffad1684000 	C:\WINDOWS\System32\SHCORE.dll
0x00007ffad0a20000 - 0x00007ffad0a7e000 	C:\WINDOWS\System32\shlwapi.dll
0x00007ffacf230000 - 0x00007ffacf251000 	C:\WINDOWS\SYSTEM32\profapi.dll
0x00007ffab5c80000 - 0x00007ffab5c98000 	C:\Program Files\Java\jdk-18\bin\zip.dll
0x00007ffabcb90000 - 0x00007ffabcba3000 	C:\Program Files\Java\jdk-18\bin\net.dll
0x00007ffacad40000 - 0x00007ffacae76000 	C:\WINDOWS\SYSTEM32\WINHTTP.dll
0x00007fface890000 - 0x00007fface8f9000 	C:\WINDOWS\system32\mswsock.dll
0x00007ffabca60000 - 0x00007ffabca76000 	C:\Program Files\Java\jdk-18\bin\nio.dll
0x00007ffac7b80000 - 0x00007ffac7b90000 	C:\Program Files\Java\jdk-18\bin\verify.dll
0x00007ffaaa3e0000 - 0x00007ffaaa407000 	C:\Users\dhdnt\.gradle\native\68d5fa5c4cc2d200863cafc0d521ce42e7d3e7ee720ec0a83991735586a16f82\windows-amd64\native-platform.dll
0x00007ffa87b20000 - 0x00007ffa87c64000 	C:\Users\dhdnt\.gradle\native\e376f236ea51e6404a007f0833ffe2c6e607c4080706a723a18a27aeea778392\windows-amd64\native-platform-file-events.dll
0x00007ffac6090000 - 0x00007ffac6099000 	C:\Program Files\Java\jdk-18\bin\management.dll
0x00007ffabcfa0000 - 0x00007ffabcfab000 	C:\Program Files\Java\jdk-18\bin\management_ext.dll
0x00007ffaceaf0000 - 0x00007ffaceb0b000 	C:\WINDOWS\SYSTEM32\CRYPTSP.dll
0x00007fface380000 - 0x00007fface3b5000 	C:\WINDOWS\system32\rsaenh.dll
0x00007fface990000 - 0x00007fface9b8000 	C:\WINDOWS\SYSTEM32\USERENV.dll
0x00007ffaceb10000 - 0x00007ffaceb1c000 	C:\WINDOWS\SYSTEM32\CRYPTBASE.dll
0x00007ffacde30000 - 0x00007ffacde5d000 	C:\WINDOWS\SYSTEM32\IPHLPAPI.DLL
0x00007ffad0b90000 - 0x00007ffad0b99000 	C:\WINDOWS\System32\NSI.dll
0x00007ffacac90000 - 0x00007ffacaca9000 	C:\WINDOWS\SYSTEM32\dhcpcsvc6.DLL
0x00007ffacac50000 - 0x00007ffacac6f000 	C:\WINDOWS\SYSTEM32\dhcpcsvc.DLL
0x00007ffacdea0000 - 0x00007ffacdf98000 	C:\WINDOWS\SYSTEM32\DNSAPI.dll
0x00007ffabcbf0000 - 0x00007ffabcbfe000 	C:\Program Files\Java\jdk-18\bin\sunmscapi.dll
0x00007ffacfba0000 - 0x00007ffacfd07000 	C:\WINDOWS\System32\CRYPT32.dll
0x00007ffacec90000 - 0x00007ffacecbe000 	C:\WINDOWS\SYSTEM32\ncrypt.dll
0x00007ffacec50000 - 0x00007ffacec87000 	C:\WINDOWS\SYSTEM32\NTASN1.dll
0x00007ffac74f0000 - 0x00007ffac74fa000 	C:\Windows\System32\rasadhlp.dll
0x00007ffaca510000 - 0x00007ffaca593000 	C:\WINDOWS\System32\fwpuclnt.dll
0x00007ffab1940000 - 0x00007ffab1957000 	C:\WINDOWS\system32\napinsp.dll
0x00007ffab1920000 - 0x00007ffab193b000 	C:\WINDOWS\system32\pnrpnsp.dll
0x00007ffab1900000 - 0x00007ffab1911000 	C:\WINDOWS\System32\winrnr.dll
0x00007ffabfb60000 - 0x00007ffabfb75000 	C:\WINDOWS\system32\wshbth.dll
0x00007ffab18d0000 - 0x00007ffab18f7000 	C:\WINDOWS\system32\nlansp_c.dll

dbghelp: loaded successfully - version: 4.0.5 - missing functions: none
symbol engine: initialized successfully - sym options: 0x614 - pdb path: .;C:\Program Files\Java\jdk-18\bin;C:\WINDOWS\SYSTEM32;C:\WINDOWS\WinSxS\amd64_microsoft.windows.common-controls_6595b64144ccf1df_6.0.22621.3672_none_2713b9d173822955;C:\Program Files\Java\jdk-18\bin\server;C:\Users\dhdnt\.gradle\native\68d5fa5c4cc2d200863cafc0d521ce42e7d3e7ee720ec0a83991735586a16f82\windows-amd64;C:\Users\dhdnt\.gradle\native\e376f236ea51e6404a007f0833ffe2c6e607c4080706a723a18a27aeea778392\windows-amd64

VM Arguments:
jvm_args: -XX:MaxMetaspaceSize=512m --add-opens=java.base/java.util=ALL-UNNAMED --add-opens=java.base/java.lang=ALL-UNNAMED --add-opens=java.base/java.lang.invoke=ALL-UNNAMED --add-opens=java.prefs/java.util.prefs=ALL-UNNAMED --add-opens=java.base/java.nio.charset=ALL-UNNAMED --add-opens=java.base/java.net=ALL-UNNAMED --add-opens=java.base/java.util.concurrent.atomic=ALL-UNNAMED -Xmx2048m -Dfile.encoding=UTF-8 -Duser.country=KR -Duser.language=ko -Duser.variant -javaagent:C:\Users\dhdnt\.gradle\wrapper\dists\gradle-8.3-all\6en3ugtfdg5xnpx44z4qbwgas\gradle-8.3\lib\agents\gradle-instrumentation-agent-8.3.jar 
java_command: org.gradle.launcher.daemon.bootstrap.GradleDaemon 8.3
java_class_path (initial): C:\Users\dhdnt\.gradle\wrapper\dists\gradle-8.3-all\6en3ugtfdg5xnpx44z4qbwgas\gradle-8.3\lib\gradle-launcher-8.3.jar
Launcher Type: SUN_STANDARD

[Global flags]
     intx CICompilerCount                          = 4                                         {product} {ergonomic}
   size_t CompressedClassSpaceSize                 = 432013312                                 {product} {ergonomic}
     uint ConcGCThreads                            = 2                                         {product} {ergonomic}
     uint G1ConcRefinementThreads                  = 8                                         {product} {ergonomic}
   size_t G1HeapRegionSize                         = 1048576                                   {product} {ergonomic}
    uintx GCDrainStackTargetSize                   = 64                                        {product} {ergonomic}
   size_t InitialHeapSize                          = 132120576                                 {product} {ergonomic}
   size_t MarkStackSize                            = 4194304                                   {product} {ergonomic}
   size_t MaxHeapSize                              = 2147483648                                {product} {command line}
   size_t MaxMetaspaceSize                         = 536870912                                 {product} {command line}
   size_t MaxNewSize                               = 1287651328                                {product} {ergonomic}
   size_t MinHeapDeltaBytes                        = 1048576                                   {product} {ergonomic}
   size_t MinHeapSize                              = 8388608                                   {product} {ergonomic}
    uintx NonNMethodCodeHeapSize                   = 5839372                                {pd product} {ergonomic}
    uintx NonProfiledCodeHeapSize                  = 122909434                              {pd product} {ergonomic}
    uintx ProfiledCodeHeapSize                     = 122909434                              {pd product} {ergonomic}
    uintx ReservedCodeCacheSize                    = 251658240                              {pd product} {ergonomic}
     bool SegmentedCodeCache                       = true                                      {product} {ergonomic}
   size_t SoftMaxHeapSize                          = 2147483648                             {manageable} {ergonomic}
     bool UseCompressedClassPointers               = true                           {product lp64_product} {ergonomic}
     bool UseCompressedOops                        = true                           {product lp64_product} {ergonomic}
     bool UseG1GC                                  = true                                      {product} {ergonomic}
     bool UseLargePagesIndividualAllocation        = false                                  {pd product} {ergonomic}

Logging:
Log output configuration:
 #0: stdout all=warning uptime,level,tags foldmultilines=false
 #1: stderr all=off uptime,level,tags foldmultilines=false

Environment Variables:
JAVA_HOME=C:\Program Files\Java\jdk-18
CLASSPATH=C:\Users\dhdnt\Desktop\RBF\BangFer-Front-End-2\android\\gradle\wrapper\gradle-wrapper.jar
PATH=C:\Users\dhdnt\Desktop\RBF\BangFer-Front-End-2\node_modules\.bin;C:\Users\dhdnt\Desktop\RBF\BangFer-Front-End-2\node_modules\.bin;C:\Users\dhdnt\Desktop\RBF\node_modules\.bin;C:\Users\dhdnt\Desktop\node_modules\.bin;C:\Users\dhdnt\node_modules\.bin;C:\Users\node_modules\.bin;C:\node_modules\.bin;C:\node\node_modules\npm\node_modules\@npmcli\run-script\lib\node-gyp-bin;C:\Program Files\Common Files\Oracle\Java\javapath;C:\Program Files (x86)\NAT Service;C:\Program Files (x86)\Intel\Intel(R) Management Engine Components\iCLS\;C:\Program Files\Intel\Intel(R) Management Engine Components\iCLS\;C:\WINDOWS\system32;C:\WINDOWS;C:\WINDOWS\System32\Wbem;C:\WINDOWS\System32\WindowsPowerShell\v1.0\;C:\WINDOWS\System32\OpenSSH\;C:\Program Files\Intel\WiFi\bin\;C:\Program Files\Common Files\Intel\WirelessCommon\;C:\Program Files (x86)\Intel\Intel(R) Management Engine Components\DAL;C:\Program Files\Intel\Intel(R) Management Engine Components\DAL;C:\Users\dhdnt\.dnx\bin;C:\Program Files\Microsoft DNX\Dnvm\;C:\Program Files (x86)\Windows Kits\8.1\Windows Performance Toolkit\;C:\Program Files\Java\jdk-11.0.14\bin;C:\Program Files\Azure Data Studio\bin;C:\사용자\dhdnt\anaconda3;C:;사용자\dhdnt\anaconda3\condabin;C:;사용자\dhdnt\anaconda3\Library\bin;C:;사용자\dhdnt\anaconda3\Scripts;C:;Program Files\MySQL\MySQL Server 8.0\bin;C:\Program Files\Java\jdk-17;C:\node\;C:\Program Files\Git\cmd;C:\Program Files\PuTTY\;C:\Program Files\MySQL\MySQL Shell 8.0\bin\;C:\Users\dhdnt\AppData\Local\Android\Sdk\tools;C:\Users\dhdnt\Desktop\22학년도 2학기\컴퓨터네트워크\8 2019-q3-update\bin;C:\Users\dhdnt\AppData\Local\Programs\Python\Python37-32\Scripts\;C:\Users\dhdnt\AppData\Local\Programs\Python\Python37-32\;C:\Users\dhdnt\AppData\Local\Microsoft\WindowsApps;C:\Program Files\Bandizip\;C:\Program Files\JetBrains\IntelliJ IDEA 2023.3.6\bin;;C:\Program Files\MariaDB 10.6\bin;C:\Users\dhdnt\AppData\Local\GitHubDesktop\bin;C:\Program Files\Azure Data Studio\bin;C:\Users\dhdnt\AppData\Local\Programs\Microsoft VS Code\bin;C:\Users\dhdnt\AppData\Roaming\npm;C:\node;C:\Users\dhdnt\AppData\Local\Android\Sdk\platform-tools;
USERNAME=dhdnt
LANG=en_US.UTF-8
OS=Windows_NT
PROCESSOR_IDENTIFIER=Intel64 Family 6 Model 142 Stepping 11, GenuineIntel



---------------  S Y S T E M  ---------------

OS:
 Windows 11 , 64 bit Build 22621 (10.0.22621.3672)
OS uptime: 12 days 1:20 hours

CPU: total 8 (initial active 8) (4 cores per cpu, 2 threads per core) family 6 model 142 stepping 11 microcode 0xde, cx8, cmov, fxsr, ht, mmx, 3dnowpref, sse, sse2, sse3, ssse3, sse4.1, sse4.2, popcnt, lzcnt, tsc, tscinvbit, avx, avx2, aes, erms, clmul, bmi1, bmi2, adx, fma, vzeroupper, clflush, clflushopt

Memory: 4k page, system-wide physical 8051M (290M free)
TotalPageFile size 32627M (AvailPageFile size 213M)
current process WorkingSet (physical memory assigned to process): 255M, peak: 501M
current process commit charge ("private bytes"): 715M, peak: 903M

vm_info: Java HotSpot(TM) 64-Bit Server VM (18+36-2087) for windows-amd64 JRE (18+36-2087), built on Feb 15 2022 09:43:11 by "mach5one" with MS VC++ 16.8 / 16.9 (VS2019)

END.
