#
# There is insufficient memory for the Java Runtime Environment to continue.
# Native memory allocation (malloc) failed to allocate 1525232 bytes for Chunk::new
# Possible reasons:
#   The system is out of physical RAM or swap space
#   The process is running with CompressedOops enabled, and the Java Heap may be blocking the growth of the native heap
# Possible solutions:
#   Reduce memory load on the system
#   Increase physical memory or swap space
#   Check if swap backing store is full
#   Decrease Java heap size (-Xmx/-Xms)
#   Decrease number of Java threads
#   Decrease Java thread stack sizes (-Xss)
#   Set larger code cache with -XX:ReservedCodeCacheSize=
#   JVM is running with Unscaled Compressed Oops mode in which the Java heap is
#     placed in the first 4GB address space. The Java Heap base address is the
#     maximum limit for the native heap growth. Please use -XX:HeapBaseMinAddress
#     to set the Java Heap base and to place the Java Heap above 4GB virtual address.
# This output file may be truncated or incomplete.
#
#  Out of Memory Error (arena.cpp:184), pid=58340, tid=65864
#
# JRE version: Java(TM) SE Runtime Environment (18.0+36) (build 18+36-2087)
# Java VM: Java HotSpot(TM) 64-Bit Server VM (18+36-2087, mixed mode, sharing, tiered, compressed oops, compressed class ptrs, g1 gc, windows-amd64)
# No core dump will be written. Minidumps are not enabled by default on client versions of Windows
#

---------------  S U M M A R Y ------------

Command Line: -XX:MaxMetaspaceSize=512m --add-opens=java.base/java.util=ALL-UNNAMED --add-opens=java.base/java.lang=ALL-UNNAMED --add-opens=java.base/java.lang.invoke=ALL-UNNAMED --add-opens=java.prefs/java.util.prefs=ALL-UNNAMED --add-opens=java.base/java.nio.charset=ALL-UNNAMED --add-opens=java.base/java.net=ALL-UNNAMED --add-opens=java.base/java.util.concurrent.atomic=ALL-UNNAMED -Xmx2048m -Dfile.encoding=UTF-8 -Duser.country=KR -Duser.language=ko -Duser.variant -javaagent:C:\Users\dhdnt\.gradle\wrapper\dists\gradle-8.3-all\6en3ugtfdg5xnpx44z4qbwgas\gradle-8.3\lib\agents\gradle-instrumentation-agent-8.3.jar org.gradle.launcher.daemon.bootstrap.GradleDaemon 8.3

Host: Intel(R) Core(TM) i5-8265U CPU @ 1.60GHz, 8 cores, 7G,  Windows 11 , 64 bit Build 22621 (10.0.22621.3672)
Time: Wed Jul  3 17:39:08 2024  Windows 11 , 64 bit Build 22621 (10.0.22621.3672) elapsed time: 602.429895 seconds (0d 0h 10m 2s)

---------------  T H R E A D  ---------------

Current thread (0x000001377f030be0):  JavaThread "C2 CompilerThread0" daemon [_thread_in_native, id=65864, stack(0x00000013d4000000,0x00000013d4100000)]


Current CompileTask:
C2: 602430 19354       4       org.gradle.api.internal.artifacts.transform.TransformingAsyncArtifactListener$TransformedArtifact::lambda$visit$3 (65 bytes)

Stack: [0x00000013d4000000,0x00000013d4100000]
Native frames: (J=compiled Java code, j=interpreted, Vv=VM code, C=native code)
V  [jvm.dll+0x69804a]
V  [jvm.dll+0x7f308d]
V  [jvm.dll+0x7f499e]
V  [jvm.dll+0x7f5053]
V  [jvm.dll+0x25ca3f]
V  [jvm.dll+0xb8c2f]
V  [jvm.dll+0xb8fa5]
V  [jvm.dll+0x385a6b]
V  [jvm.dll+0x34f811]
V  [jvm.dll+0x34ecaa]
V  [jvm.dll+0x22fc21]
V  [jvm.dll+0x22eff1]
V  [jvm.dll+0x1b9cfc]
V  [jvm.dll+0x23e8ca]
V  [jvm.dll+0x23cbac]
V  [jvm.dll+0x7a5781]
V  [jvm.dll+0x79fbba]
V  [jvm.dll+0x696ef5]
C  [ucrtbase.dll+0x29333]
C  [KERNEL32.DLL+0x1257d]
C  [ntdll.dll+0x5af28]


---------------  P R O C E S S  ---------------

Threads class SMR info:
_java_thread_list=0x0000013714e49600, length=143, elements={
0x000001376fdcc600, 0x000001377f00bee0, 0x000001377f010b50, 0x000001377f02ae20,
0x000001377f02b6d0, 0x000001377f02c070, 0x000001377f02ca10, 0x000001377f030be0,
0x000001377f0395d0, 0x000001377f03c3b0, 0x000001377f1e0a30, 0x000001377f2c7130,
0x000001377f3710f0, 0x0000013713c08b40, 0x000001377f285ce0, 0x00000137140cb550,
0x00000137140cba20, 0x00000137140c9870, 0x00000137140c9d40, 0x00000137140cbef0,
0x00000137140cb080, 0x00000137148bf380, 0x00000137148bf850, 0x00000137148c06c0,
0x00000137148be510, 0x00000137148be040, 0x00000137148bfd20, 0x00000137148c01f0,
0x0000013714544ff0, 0x0000013714544b20, 0x0000013714545990, 0x0000013714541fd0,
0x00000137145424a0, 0x0000013714542970, 0x0000013714544180, 0x0000013714542e40,
0x0000013714543cb0, 0x0000013714544650, 0x00000137145437e0, 0x0000013714543310,
0x00000137140cc3c0, 0x00000137140ccd60, 0x00000137140ca6e0, 0x00000137140cabb0,
0x00000137145454c0, 0x00000137148bd1d0, 0x000001377f3341e0, 0x000001377f338070,
0x000001377f332030, 0x000001377f333d10, 0x000001377f338ee0, 0x000001377f332500,
0x000001377f336d30, 0x000001377f331b60, 0x000001377f331690, 0x000001377f332ea0,
0x000001377f333840, 0x000001377f338a10, 0x000001377f334b80, 0x000001377f3346b0,
0x000001377f335050, 0x000001377f335ec0, 0x000001371327f0b0, 0x000001371327ebe0,
0x0000013713283410, 0x0000013713281730, 0x00000137132825a0, 0x0000013713283db0,
0x00000137132808c0, 0x0000013713281260, 0x0000013713281c00, 0x000001371327f580,
0x000001371327cf00, 0x00000137132838e0, 0x0000013713284280, 0x000001371327fa50,
0x000001371327ff20, 0x000001371327ca30, 0x000001371327d8a0, 0x000001371327dd70,
0x0000013713282a70, 0x00000137132803f0, 0x0000013713280d90, 0x0000013713282f40,
0x000001377f325540, 0x000001377f327bc0, 0x000001377f3229f0, 0x000001377f328f00,
0x000001377f326d50, 0x000001377f323860, 0x000001377f3216b0, 0x000001377f322520,
0x000001377f323d30, 0x000001377f321b80, 0x000001377f322050, 0x000001377f336860,
0x000001377f337200, 0x000001377f337ba0, 0x00000137148bcd00, 0x000001371707fe00,
0x0000013717080c70, 0x0000013717081fb0, 0x0000013717083c90, 0x0000013717084160,
0x000001371707f460, 0x0000013717085970, 0x00000137170854a0, 0x0000013717082480,
0x000001371707f930, 0x0000013717086310, 0x00000137170867e0, 0x000001371707ef90,
0x0000013717084630, 0x0000013717082950, 0x0000013717084b00, 0x00000137170807a0,
0x0000013717081140, 0x0000013717081610, 0x0000013717081ae0, 0x00000137170832f0,
0x00000137170837c0, 0x00000137132820d0, 0x000001377f333370, 0x000001371327e710,
0x000001371ea027b0, 0x000001371ea01940, 0x000001371ea06fe0, 0x000001371ea03150,
0x000001371ea03620, 0x000001371ea04490, 0x000001371ea04960, 0x000001371ea02c80,
0x000001371ea06640, 0x000001371ea03af0, 0x000001371ea074b0, 0x000001371ea06b10,
0x000001371ea03fc0, 0x000001371ea01470, 0x000001371d0e3830, 0x000001371e8d55e0,
0x000001371ea01e10, 0x000001371e8d4c40, 0x000001371d68af40
}

Java Threads: ( => current thread )
  0x000001376fdcc600 JavaThread "main" [_thread_blocked, id=37516, stack(0x00000013d3300000,0x00000013d3400000)]
  0x000001377f00bee0 JavaThread "Reference Handler" daemon [_thread_blocked, id=56440, stack(0x00000013d3a00000,0x00000013d3b00000)]
  0x000001377f010b50 JavaThread "Finalizer" daemon [_thread_blocked, id=43892, stack(0x00000013d3b00000,0x00000013d3c00000)]
  0x000001377f02ae20 JavaThread "Signal Dispatcher" daemon [_thread_blocked, id=51988, stack(0x00000013d3c00000,0x00000013d3d00000)]
  0x000001377f02b6d0 JavaThread "Attach Listener" daemon [_thread_blocked, id=29108, stack(0x00000013d3d00000,0x00000013d3e00000)]
  0x000001377f02c070 JavaThread "Service Thread" daemon [_thread_blocked, id=64728, stack(0x00000013d3e00000,0x00000013d3f00000)]
  0x000001377f02ca10 JavaThread "Monitor Deflation Thread" daemon [_thread_blocked, id=29428, stack(0x00000013d3f00000,0x00000013d4000000)]
=>0x000001377f030be0 JavaThread "C2 CompilerThread0" daemon [_thread_in_native, id=65864, stack(0x00000013d4000000,0x00000013d4100000)]
  0x000001377f0395d0 JavaThread "C1 CompilerThread0" daemon [_thread_blocked, id=59728, stack(0x00000013d4100000,0x00000013d4200000)]
  0x000001377f03c3b0 JavaThread "Sweeper thread" daemon [_thread_blocked, id=58248, stack(0x00000013d4200000,0x00000013d4300000)]
  0x000001377f1e0a30 JavaThread "Common-Cleaner" daemon [_thread_blocked, id=49812, stack(0x00000013d4300000,0x00000013d4400000)]
  0x000001377f2c7130 JavaThread "Notification Thread" daemon [_thread_blocked, id=63508, stack(0x00000013d4400000,0x00000013d4500000)]
  0x000001377f3710f0 JavaThread "Daemon health stats" [_thread_blocked, id=64760, stack(0x00000013d4a00000,0x00000013d4b00000)]
  0x0000013713c08b40 JavaThread "Incoming local TCP Connector on port 64436" [_thread_in_native, id=66264, stack(0x00000013d4b00000,0x00000013d4c00000)]
  0x000001377f285ce0 JavaThread "Daemon periodic checks" [_thread_blocked, id=28784, stack(0x00000013d4c00000,0x00000013d4d00000)]
  0x00000137140cb550 JavaThread "Cache worker for journal cache (C:\Users\dhdnt\.gradle\caches\journal-1)" [_thread_blocked, id=30624, stack(0x00000013d5400000,0x00000013d5500000)]
  0x00000137140cba20 JavaThread "File lock request listener" [_thread_in_native, id=56892, stack(0x00000013d5500000,0x00000013d5600000)]
  0x00000137140c9870 JavaThread "Cache worker for file hash cache (C:\Users\dhdnt\.gradle\caches\8.3\fileHashes)" [_thread_blocked, id=62564, stack(0x00000013d5600000,0x00000013d5700000)]
  0x00000137140c9d40 JavaThread "File watcher server" daemon [_thread_in_native, id=54852, stack(0x00000013d5a00000,0x00000013d5b00000)]
  0x00000137140cbef0 JavaThread "File watcher consumer" daemon [_thread_blocked, id=10544, stack(0x00000013d5b00000,0x00000013d5c00000)]
  0x00000137140cb080 JavaThread "Cache worker for file content cache (C:\Users\dhdnt\.gradle\caches\8.3\fileContent)" [_thread_blocked, id=64284, stack(0x00000013d6000000,0x00000013d6100000)]
  0x00000137148bf380 JavaThread "Cache worker for execution history cache (C:\Users\dhdnt\.gradle\caches\8.3\executionHistory)" [_thread_blocked, id=53012, stack(0x00000013d6200000,0x00000013d6300000)]
  0x00000137148bf850 JavaThread "jar transforms" [_thread_blocked, id=42852, stack(0x00000013d6300000,0x00000013d6400000)]
  0x00000137148c06c0 JavaThread "jar transforms Thread 2" [_thread_blocked, id=65512, stack(0x00000013d6400000,0x00000013d6500000)]
  0x00000137148be510 JavaThread "jar transforms Thread 3" [_thread_blocked, id=37632, stack(0x00000013d6500000,0x00000013d6600000)]
  0x00000137148be040 JavaThread "jar transforms Thread 4" [_thread_blocked, id=10500, stack(0x00000013d6600000,0x00000013d6700000)]
  0x00000137148bfd20 JavaThread "jar transforms Thread 5" [_thread_blocked, id=47560, stack(0x00000013d6700000,0x00000013d6800000)]
  0x00000137148c01f0 JavaThread "jar transforms Thread 6" [_thread_blocked, id=29384, stack(0x00000013d6800000,0x00000013d6900000)]
  0x0000013714544ff0 JavaThread "jar transforms Thread 7" [_thread_blocked, id=44752, stack(0x00000013d6900000,0x00000013d6a00000)]
  0x0000013714544b20 JavaThread "jar transforms Thread 8" [_thread_blocked, id=48704, stack(0x00000013d6a00000,0x00000013d6b00000)]
  0x0000013714545990 JavaThread "Daemon Thread 2" [_thread_blocked, id=60232, stack(0x00000013d3000000,0x00000013d3100000)]
  0x0000013714541fd0 JavaThread "Handler for socket connection from /127.0.0.1:64436 to /127.0.0.1:64709" [_thread_in_native, id=24480, stack(0x00000013d3200000,0x00000013d3300000)]
  0x00000137145424a0 JavaThread "Cancel handler" [_thread_blocked, id=66340, stack(0x00000013d4d00000,0x00000013d4e00000)]
  0x0000013714542970 JavaThread "Daemon worker Thread 2" [_thread_blocked, id=37564, stack(0x00000013d4e00000,0x00000013d4f00000)]
  0x0000013714544180 JavaThread "Asynchronous log dispatcher for DefaultDaemonConnection: socket connection from /127.0.0.1:64436 to /127.0.0.1:64709" [_thread_blocked, id=7920, stack(0x00000013d4f00000,0x00000013d5000000)]
  0x0000013714542e40 JavaThread "Stdin handler" [_thread_blocked, id=48520, stack(0x00000013d5000000,0x00000013d5100000)]
  0x0000013714543cb0 JavaThread "Daemon client event forwarder" [_thread_blocked, id=16216, stack(0x00000013d5100000,0x00000013d5200000)]
  0x0000013714544650 JavaThread "Cache worker for checksums cache (C:\Users\dhdnt\Desktop\RBF\BangFer-Front-End-2\android\.gradle\8.3\checksums)" [_thread_blocked, id=25100, stack(0x00000013d5200000,0x00000013d5300000)]
  0x00000137145437e0 JavaThread "Cache worker for file hash cache (C:\Users\dhdnt\Desktop\RBF\BangFer-Front-End-2\android\.gradle\8.3\fileHashes)" [_thread_blocked, id=58904, stack(0x00000013d5300000,0x00000013d5400000)]
  0x0000013714543310 JavaThread "Cache worker for cache directory md-supplier (C:\Users\dhdnt\.gradle\caches\8.3\md-supplier)" [_thread_blocked, id=52560, stack(0x00000013d5d00000,0x00000013d5e00000)]
  0x00000137140cc3c0 JavaThread "Cache worker for cache directory md-rule (C:\Users\dhdnt\.gradle\caches\8.3\md-rule)" [_thread_blocked, id=47848, stack(0x00000013d5e00000,0x00000013d5f00000)]
  0x00000137140ccd60 JavaThread "Cache worker for kotlin-dsl (C:\Users\dhdnt\.gradle\caches\8.3\kotlin-dsl)" [_thread_blocked, id=38368, stack(0x00000013d3100000,0x00000013d3200000)]
  0x00000137140ca6e0 JavaThread "Unconstrained build operations" [_thread_blocked, id=24876, stack(0x00000013d5f00000,0x00000013d6000000)]
  0x00000137140cabb0 JavaThread "Unconstrained build operations Thread 2" [_thread_blocked, id=50248, stack(0x00000013d6100000,0x00000013d6200000)]
  0x00000137145454c0 JavaThread "Cache worker for dependencies-accessors (C:\Users\dhdnt\Desktop\RBF\BangFer-Front-End-2\android\.gradle\8.3\dependencies-accessors)" [_thread_blocked, id=55844, stack(0x00000013d6b00000,0x00000013d6c00000)]
  0x00000137148bd1d0 JavaThread "Cache worker for Build Output Cleanup Cache (C:\Users\dhdnt\Desktop\RBF\BangFer-Front-End-2\node_modules\@react-native\gradle-plugin\.gradle\buildOutputCleanup)" [_thread_blocked, id=38980, stack(0x00000013d6c00000,0x00000013d6d00000)]
  0x000001377f3341e0 JavaThread "Unconstrained build operations Thread 3" [_thread_blocked, id=10680, stack(0x00000013d6d00000,0x00000013d6e00000)]
  0x000001377f338070 JavaThread "Unconstrained build operations Thread 4" [_thread_blocked, id=57816, stack(0x00000013d6e00000,0x00000013d6f00000)]
  0x000001377f332030 JavaThread "Unconstrained build operations Thread 5" [_thread_blocked, id=51252, stack(0x00000013d6f00000,0x00000013d7000000)]
  0x000001377f333d10 JavaThread "Unconstrained build operations Thread 6" [_thread_blocked, id=50112, stack(0x00000013d7000000,0x00000013d7100000)]
  0x000001377f338ee0 JavaThread "Unconstrained build operations Thread 7" [_thread_blocked, id=40768, stack(0x00000013d7100000,0x00000013d7200000)]
  0x000001377f332500 JavaThread "Unconstrained build operations Thread 8" [_thread_blocked, id=50816, stack(0x00000013d7200000,0x00000013d7300000)]
  0x000001377f336d30 JavaThread "Unconstrained build operations Thread 9" [_thread_blocked, id=25216, stack(0x00000013d7300000,0x00000013d7400000)]
  0x000001377f331b60 JavaThread "Memory manager" [_thread_blocked, id=62900, stack(0x00000013d7400000,0x00000013d7500000)]
  0x000001377f331690 JavaThread "Cache worker for Build Output Cleanup Cache (C:\Users\dhdnt\Desktop\RBF\BangFer-Front-End-2\android\.gradle\buildOutputCleanup)" [_thread_blocked, id=18016, stack(0x00000013d7500000,0x00000013d7600000)]
  0x000001377f332ea0 JavaThread "ForkJoinPool.commonPool-worker-1" daemon [_thread_blocked, id=24900, stack(0x00000013d7600000,0x00000013d7700000)]
  0x000001377f333840 JavaThread "ForkJoinPool.commonPool-worker-2" daemon [_thread_blocked, id=56956, stack(0x00000013d7700000,0x00000013d7800000)]
  0x000001377f338a10 JavaThread "ForkJoinPool.commonPool-worker-3" daemon [_thread_blocked, id=39436, stack(0x00000013d7800000,0x00000013d7900000)]
  0x000001377f334b80 JavaThread "ForkJoinPool.commonPool-worker-4" daemon [_thread_blocked, id=40400, stack(0x00000013d7900000,0x00000013d7a00000)]
  0x000001377f3346b0 JavaThread "ForkJoinPool.commonPool-worker-5" daemon [_thread_blocked, id=43476, stack(0x00000013d7a00000,0x00000013d7b00000)]
  0x000001377f335050 JavaThread "ForkJoinPool.commonPool-worker-6" daemon [_thread_blocked, id=10164, stack(0x00000013d7b00000,0x00000013d7c00000)]
  0x000001377f335ec0 JavaThread "ForkJoinPool.commonPool-worker-7" daemon [_thread_blocked, id=30312, stack(0x00000013d7c00000,0x00000013d7d00000)]
  0x000001371327f0b0 JavaThread "Execution worker" [_thread_blocked, id=44076, stack(0x00000013d8100000,0x00000013d8200000)]
  0x000001371327ebe0 JavaThread "Execution worker Thread 2" [_thread_blocked, id=53676, stack(0x00000013d8200000,0x00000013d8300000)]
  0x0000013713283410 JavaThread "Execution worker Thread 3" [_thread_blocked, id=37016, stack(0x00000013d8300000,0x00000013d8400000)]
  0x0000013713281730 JavaThread "Execution worker Thread 4" [_thread_blocked, id=64676, stack(0x00000013d8400000,0x00000013d8500000)]
  0x00000137132825a0 JavaThread "Execution worker Thread 5" [_thread_blocked, id=43780, stack(0x00000013d8500000,0x00000013d8600000)]
  0x0000013713283db0 JavaThread "Execution worker Thread 6" [_thread_in_native, id=52856, stack(0x00000013d8600000,0x00000013d8700000)]
  0x00000137132808c0 JavaThread "Execution worker Thread 7" [_thread_blocked, id=38988, stack(0x00000013d8700000,0x00000013d8800000)]
  0x0000013713281260 JavaThread "Cache worker for execution history cache (C:\Users\dhdnt\Desktop\RBF\BangFer-Front-End-2\node_modules\@react-native\gradle-plugin\.gradle\8.3\executionHistory)" [_thread_blocked, id=60220, stack(0x00000013d8800000,0x00000013d8900000)]
  0x0000013713281c00 JavaThread "Unconstrained build operations Thread 10" [_thread_blocked, id=56724, stack(0x00000013d8900000,0x00000013d8a00000)]
  0x000001371327f580 JavaThread "Unconstrained build operations Thread 11" [_thread_blocked, id=40484, stack(0x00000013d8a00000,0x00000013d8b00000)]
  0x000001371327cf00 JavaThread "Unconstrained build operations Thread 12" [_thread_blocked, id=39416, stack(0x00000013d8b00000,0x00000013d8c00000)]
  0x00000137132838e0 JavaThread "Unconstrained build operations Thread 13" [_thread_blocked, id=35456, stack(0x00000013d8c00000,0x00000013d8d00000)]
  0x0000013713284280 JavaThread "Unconstrained build operations Thread 14" [_thread_blocked, id=38136, stack(0x00000013d8d00000,0x00000013d8e00000)]
  0x000001371327fa50 JavaThread "Unconstrained build operations Thread 15" [_thread_blocked, id=26276, stack(0x00000013d8e00000,0x00000013d8f00000)]
  0x000001371327ff20 JavaThread "Unconstrained build operations Thread 16" [_thread_blocked, id=65372, stack(0x00000013d8f00000,0x00000013d9000000)]
  0x000001371327ca30 JavaThread "Unconstrained build operations Thread 17" [_thread_blocked, id=37676, stack(0x00000013d9000000,0x00000013d9100000)]
  0x000001371327d8a0 JavaThread "Unconstrained build operations Thread 18" [_thread_blocked, id=28964, stack(0x00000013d9100000,0x00000013d9200000)]
  0x000001371327dd70 JavaThread "Unconstrained build operations Thread 19" [_thread_blocked, id=59148, stack(0x00000013d9200000,0x00000013d9300000)]
  0x0000013713282a70 JavaThread "Unconstrained build operations Thread 20" [_thread_blocked, id=30596, stack(0x00000013d9300000,0x00000013d9400000)]
  0x00000137132803f0 JavaThread "Unconstrained build operations Thread 21" [_thread_blocked, id=60024, stack(0x00000013d9400000,0x00000013d9500000)]
  0x0000013713280d90 JavaThread "Unconstrained build operations Thread 22" [_thread_blocked, id=19924, stack(0x00000013d9500000,0x00000013d9600000)]
  0x0000013713282f40 JavaThread "Unconstrained build operations Thread 23" [_thread_blocked, id=62656, stack(0x00000013d9600000,0x00000013d9700000)]
  0x000001377f325540 JavaThread "Unconstrained build operations Thread 24" [_thread_blocked, id=66272, stack(0x00000013d9700000,0x00000013d9800000)]
  0x000001377f327bc0 JavaThread "Unconstrained build operations Thread 25" [_thread_blocked, id=56256, stack(0x00000013d9800000,0x00000013d9900000)]
  0x000001377f3229f0 JavaThread "Unconstrained build operations Thread 26" [_thread_blocked, id=37776, stack(0x00000013d9c00000,0x00000013d9d00000)]
  0x000001377f328f00 JavaThread "Unconstrained build operations Thread 27" [_thread_blocked, id=39948, stack(0x00000013d9d00000,0x00000013d9e00000)]
  0x000001377f326d50 JavaThread "Unconstrained build operations Thread 28" [_thread_blocked, id=25264, stack(0x00000013d9e00000,0x00000013d9f00000)]
  0x000001377f323860 JavaThread "Unconstrained build operations Thread 29" [_thread_blocked, id=37116, stack(0x00000013d9f00000,0x00000013da000000)]
  0x000001377f3216b0 JavaThread "Unconstrained build operations Thread 30" [_thread_blocked, id=65692, stack(0x00000013da000000,0x00000013da100000)]
  0x000001377f322520 JavaThread "Unconstrained build operations Thread 31" [_thread_blocked, id=56016, stack(0x00000013da100000,0x00000013da200000)]
  0x000001377f323d30 JavaThread "Unconstrained build operations Thread 32" [_thread_blocked, id=15356, stack(0x00000013da200000,0x00000013da300000)]
  0x000001377f321b80 JavaThread "Unconstrained build operations Thread 33" [_thread_blocked, id=46024, stack(0x00000013da300000,0x00000013da400000)]
  0x000001377f322050 JavaThread "Unconstrained build operations Thread 34" [_thread_blocked, id=44888, stack(0x00000013da400000,0x00000013da500000)]
  0x000001377f336860 JavaThread "Unconstrained build operations Thread 35" [_thread_blocked, id=2972, stack(0x00000013da500000,0x00000013da600000)]
  0x000001377f337200 JavaThread "Unconstrained build operations Thread 36" [_thread_blocked, id=9220, stack(0x00000013da600000,0x00000013da700000)]
  0x000001377f337ba0 JavaThread "Unconstrained build operations Thread 37" [_thread_blocked, id=59232, stack(0x00000013da700000,0x00000013da800000)]
  0x00000137148bcd00 JavaThread "Unconstrained build operations Thread 38" [_thread_blocked, id=7212, stack(0x00000013da800000,0x00000013da900000)]
  0x000001371707fe00 JavaThread "Unconstrained build operations Thread 39" [_thread_blocked, id=65968, stack(0x00000013da900000,0x00000013daa00000)]
  0x0000013717080c70 JavaThread "Unconstrained build operations Thread 40" [_thread_blocked, id=63552, stack(0x00000013daa00000,0x00000013dab00000)]
  0x0000013717081fb0 JavaThread "Unconstrained build operations Thread 41" [_thread_blocked, id=23492, stack(0x00000013dab00000,0x00000013dac00000)]
  0x0000013717083c90 JavaThread "Unconstrained build operations Thread 42" [_thread_blocked, id=64932, stack(0x00000013dac00000,0x00000013dad00000)]
  0x0000013717084160 JavaThread "Unconstrained build operations Thread 43" [_thread_blocked, id=18512, stack(0x00000013dad00000,0x00000013dae00000)]
  0x000001371707f460 JavaThread "Unconstrained build operations Thread 44" [_thread_blocked, id=66144, stack(0x00000013dae00000,0x00000013daf00000)]
  0x0000013717085970 JavaThread "Unconstrained build operations Thread 45" [_thread_blocked, id=12588, stack(0x00000013daf00000,0x00000013db000000)]
  0x00000137170854a0 JavaThread "Unconstrained build operations Thread 46" [_thread_blocked, id=61488, stack(0x00000013db000000,0x00000013db100000)]
  0x0000013717082480 JavaThread "Unconstrained build operations Thread 47" [_thread_blocked, id=56516, stack(0x00000013db100000,0x00000013db200000)]
  0x000001371707f930 JavaThread "Unconstrained build operations Thread 48" [_thread_blocked, id=64616, stack(0x00000013d7d00000,0x00000013d7e00000)]
  0x0000013717086310 JavaThread "Unconstrained build operations Thread 49" [_thread_blocked, id=19812, stack(0x00000013d7e00000,0x00000013d7f00000)]
  0x00000137170867e0 JavaThread "Unconstrained build operations Thread 50" [_thread_blocked, id=58420, stack(0x00000013d7f00000,0x00000013d8000000)]
  0x000001371707ef90 JavaThread "Unconstrained build operations Thread 51" [_thread_blocked, id=17820, stack(0x00000013d8000000,0x00000013d8100000)]
  0x0000013717084630 JavaThread "Unconstrained build operations Thread 52" [_thread_blocked, id=34012, stack(0x00000013db200000,0x00000013db300000)]
  0x0000013717082950 JavaThread "Unconstrained build operations Thread 53" [_thread_blocked, id=34764, stack(0x00000013db300000,0x00000013db400000)]
  0x0000013717084b00 JavaThread "Unconstrained build operations Thread 54" [_thread_blocked, id=29240, stack(0x00000013db400000,0x00000013db500000)]
  0x00000137170807a0 JavaThread "Unconstrained build operations Thread 55" [_thread_blocked, id=46916, stack(0x00000013db500000,0x00000013db600000)]
  0x0000013717081140 JavaThread "Unconstrained build operations Thread 56" [_thread_blocked, id=27544, stack(0x00000013db600000,0x00000013db700000)]
  0x0000013717081610 JavaThread "Unconstrained build operations Thread 57" [_thread_blocked, id=52208, stack(0x00000013db700000,0x00000013db800000)]
  0x0000013717081ae0 JavaThread "Unconstrained build operations Thread 58" [_thread_blocked, id=29724, stack(0x00000013db800000,0x00000013db900000)]
  0x00000137170832f0 JavaThread "Unconstrained build operations Thread 59" [_thread_blocked, id=16060, stack(0x00000013db900000,0x00000013dba00000)]
  0x00000137170837c0 JavaThread "Unconstrained build operations Thread 60" [_thread_blocked, id=61616, stack(0x00000013dba00000,0x00000013dbb00000)]
  0x00000137132820d0 JavaThread "Unconstrained build operations Thread 61" [_thread_blocked, id=59860, stack(0x00000013dbb00000,0x00000013dbc00000)]
  0x000001377f333370 JavaThread "included builds Thread 2" [_thread_blocked, id=45236, stack(0x00000013dbc00000,0x00000013dbd00000)]
  0x000001371327e710 JavaThread "Unconstrained build operations Thread 62" [_thread_blocked, id=12384, stack(0x00000013dbd00000,0x00000013dbe00000)]
  0x000001371ea027b0 JavaThread "Unconstrained build operations Thread 63" [_thread_blocked, id=64384, stack(0x00000013dbe00000,0x00000013dbf00000)]
  0x000001371ea01940 JavaThread "Unconstrained build operations Thread 64" [_thread_blocked, id=46260, stack(0x00000013dbf00000,0x00000013dc000000)]
  0x000001371ea06fe0 JavaThread "Unconstrained build operations Thread 65" [_thread_blocked, id=23308, stack(0x00000013dc000000,0x00000013dc100000)]
  0x000001371ea03150 JavaThread "Unconstrained build operations Thread 66" [_thread_blocked, id=64368, stack(0x00000013dc100000,0x00000013dc200000)]
  0x000001371ea03620 JavaThread "Unconstrained build operations Thread 67" [_thread_blocked, id=63220, stack(0x00000013dc200000,0x00000013dc300000)]
  0x000001371ea04490 JavaThread "Unconstrained build operations Thread 68" [_thread_blocked, id=33248, stack(0x00000013dc300000,0x00000013dc400000)]
  0x000001371ea04960 JavaThread "Unconstrained build operations Thread 69" [_thread_blocked, id=49712, stack(0x00000013dc400000,0x00000013dc500000)]
  0x000001371ea02c80 JavaThread "Unconstrained build operations Thread 70" [_thread_blocked, id=44588, stack(0x00000013dc500000,0x00000013dc600000)]
  0x000001371ea06640 JavaThread "Unconstrained build operations Thread 71" [_thread_blocked, id=15872, stack(0x00000013dc600000,0x00000013dc700000)]
  0x000001371ea03af0 JavaThread "Unconstrained build operations Thread 72" [_thread_blocked, id=26616, stack(0x00000013dc700000,0x00000013dc800000)]
  0x000001371ea074b0 JavaThread "Unconstrained build operations Thread 73" [_thread_blocked, id=25960, stack(0x00000013dc800000,0x00000013dc900000)]
  0x000001371ea06b10 JavaThread "Unconstrained build operations Thread 74" [_thread_blocked, id=20552, stack(0x00000013dc900000,0x00000013dca00000)]
  0x000001371ea03fc0 JavaThread "Unconstrained build operations Thread 75" [_thread_blocked, id=26572, stack(0x00000013dca00000,0x00000013dcb00000)]
  0x000001371ea01470 JavaThread "Unconstrained build operations Thread 76" [_thread_blocked, id=34628, stack(0x00000013dcb00000,0x00000013dcc00000)]
  0x000001371d0e3830 JavaThread "Unconstrained build operations Thread 77" [_thread_blocked, id=45160, stack(0x00000013dcc00000,0x00000013dcd00000)]
  0x000001371e8d55e0 JavaThread "Unconstrained build operations Thread 78" [_thread_blocked, id=40592, stack(0x00000013dcd00000,0x00000013dce00000)]
  0x000001371ea01e10 JavaThread "Unconstrained build operations Thread 79" [_thread_blocked, id=66356, stack(0x00000013dce00000,0x00000013dcf00000)]
  0x000001371e8d4c40 JavaThread "Unconstrained build operations Thread 80" [_thread_blocked, id=32904, stack(0x00000013dcf00000,0x00000013dd000000)]
  0x000001371d68af40 JavaThread "Cache worker for execution history cache (C:\Users\dhdnt\Desktop\RBF\BangFer-Front-End-2\android\.gradle\8.3\executionHistory)" [_thread_blocked, id=48772, stack(0x00000013dd000000,0x00000013dd100000)]

Other Threads:
  0x000001377f009520 VMThread "VM Thread" [stack: 0x00000013d3900000,0x00000013d3a00000] [id=22876]
  0x000001376fdcd670 WatcherThread "VM Periodic Task Thread" [stack: 0x00000013d4500000,0x00000013d4600000] [id=53692]
  0x000001376fe2c950 WorkerThread "GC Thread#0" [stack: 0x00000013d3400000,0x00000013d3500000] [id=47872]
  0x000001377fb5d850 WorkerThread "GC Thread#1" [stack: 0x00000013d4600000,0x00000013d4700000] [id=65600]
  0x000001377fcfc5e0 WorkerThread "GC Thread#2" [stack: 0x00000013d4700000,0x00000013d4800000] [id=44936]
  0x000001377fcaae40 WorkerThread "GC Thread#3" [stack: 0x00000013d4800000,0x00000013d4900000] [id=53188]
  0x000001377fcab0e0 WorkerThread "GC Thread#4" [stack: 0x00000013d4900000,0x00000013d4a00000] [id=42268]
  0x00000137141b76f0 WorkerThread "GC Thread#5" [stack: 0x00000013d5700000,0x00000013d5800000] [id=38060]
  0x00000137142d4fa0 WorkerThread "GC Thread#6" [stack: 0x00000013d5800000,0x00000013d5900000] [id=45844]
  0x000001377f4867b0 WorkerThread "GC Thread#7" [stack: 0x00000013d5900000,0x00000013d5a00000] [id=64692]
  0x000001376fe3f8a0 ConcurrentGCThread "G1 Main Marker" [stack: 0x00000013d3500000,0x00000013d3600000] [id=58036]
  0x000001376fe40a30 WorkerThread "G1 Conc#0" [stack: 0x00000013d3600000,0x00000013d3700000] [id=31788]
  0x00000137131ccbc0 WorkerThread "G1 Conc#1" [stack: 0x00000013d5c00000,0x00000013d5d00000] [id=15836]
  0x000001376fe7ecc0 ConcurrentGCThread "G1 Refine#0" [stack: 0x00000013d3700000,0x00000013d3800000] [id=62340]
  0x000001377eec3750 ConcurrentGCThread "G1 Service" [stack: 0x00000013d3800000,0x00000013d3900000] [id=3964]

Threads with active compile tasks:
C2 CompilerThread0   602812 19354       4       org.gradle.api.internal.artifacts.transform.TransformingAsyncArtifactListener$TransformedArtifact::lambda$visit$3 (65 bytes)

VM state: not at safepoint (normal execution)

VM Mutex/Monitor currently owned by a thread: None

Heap address: 0x0000000080000000, size: 2048 MB, Compressed Oops mode: 32-bit

CDS archive(s) mapped at: [0x0000000800000000-0x0000000800ba0000-0x0000000800ba0000), size 12189696, SharedBaseAddress: 0x0000000800000000, ArchiveRelocationMode: 0.
Compressed class space mapped at: 0x0000000800c00000-0x000000081a800000, reserved size: 432013312
Narrow klass base: 0x0000000800000000, Narrow klass shift: 0, Narrow klass range: 0x100000000

GC Precious Log:
 CardTable entry size: 512
 Card Set container configuration: InlinePtr #cards 5 size 8 Array Of Cards #cards 12 size 40 Howl #buckets 4 coarsen threshold 1843 Howl Bitmap #cards 512 size 80 coarsen threshold 460 Card regions per heap region 1 cards per card region 2048
 CPUs: 8 total, 8 available
 Memory: 8051M
 Large Page Support: Disabled
 NUMA Support: Disabled
 Compressed Oops: Enabled (32-bit)
 Heap Region Size: 1M
 Heap Min Capacity: 8M
 Heap Initial Capacity: 126M
 Heap Max Capacity: 2G
 Pre-touch: Disabled
 Parallel Workers: 8
 Concurrent Workers: 2
 Concurrent Refinement Workers: 8
 Periodic GC: Disabled

Heap:
 garbage-first heap   total 290816K, used 241557K [0x0000000080000000, 0x0000000100000000)
  region size 1024K, 3 young (3072K), 2 survivors (2048K)
 Metaspace       used 108527K, committed 111296K, reserved 552960K
  class space    used 15082K, committed 16448K, reserved 421888K

Heap Regions: E=young(eden), S=young(survivor), O=old, HS=humongous(starts), HC=humongous(continues), CS=collection set, F=free, OA=open archive, CA=closed archive, TAMS=top-at-mark-start (previous, next)
|   0|0x0000000080000000, 0x0000000080100000, 0x0000000080100000|100%|HS|  |TAMS 0x0000000080100000, 0x0000000080000000| Complete 
|   1|0x0000000080100000, 0x0000000080200000, 0x0000000080200000|100%|HC|  |TAMS 0x0000000080200000, 0x0000000080100000| Complete 
|   2|0x0000000080200000, 0x0000000080300000, 0x0000000080300000|100%|HC|  |TAMS 0x0000000080300000, 0x0000000080200000| Complete 
|   3|0x0000000080300000, 0x0000000080400000, 0x0000000080400000|100%|HC|  |TAMS 0x0000000080400000, 0x0000000080300000| Complete 
|   4|0x0000000080400000, 0x0000000080500000, 0x0000000080500000|100%| O|  |TAMS 0x0000000080500000, 0x0000000080400000| Untracked 
|   5|0x0000000080500000, 0x0000000080600000, 0x0000000080600000|100%| O|  |TAMS 0x0000000080600000, 0x0000000080500000| Untracked 
|   6|0x0000000080600000, 0x0000000080700000, 0x0000000080700000|100%| O|  |TAMS 0x0000000080700000, 0x0000000080600000| Untracked 
|   7|0x0000000080700000, 0x0000000080800000, 0x0000000080800000|100%| O|  |TAMS 0x0000000080800000, 0x0000000080700000| Untracked 
|   8|0x0000000080800000, 0x0000000080900000, 0x0000000080900000|100%| O|  |TAMS 0x0000000080900000, 0x0000000080800000| Untracked 
|   9|0x0000000080900000, 0x0000000080a00000, 0x0000000080a00000|100%| O|  |TAMS 0x0000000080a00000, 0x0000000080900000| Untracked 
|  10|0x0000000080a00000, 0x0000000080b00000, 0x0000000080b00000|100%| O|  |TAMS 0x0000000080b00000, 0x0000000080a00000| Untracked 
|  11|0x0000000080b00000, 0x0000000080c00000, 0x0000000080c00000|100%| O|  |TAMS 0x0000000080c00000, 0x0000000080b00000| Untracked 
|  12|0x0000000080c00000, 0x0000000080d00000, 0x0000000080d00000|100%| O|  |TAMS 0x0000000080d00000, 0x0000000080c00000| Untracked 
|  13|0x0000000080d00000, 0x0000000080e00000, 0x0000000080e00000|100%| O|  |TAMS 0x0000000080e00000, 0x0000000080d00000| Untracked 
|  14|0x0000000080e00000, 0x0000000080f00000, 0x0000000080f00000|100%| O|  |TAMS 0x0000000080f00000, 0x0000000080e00000| Untracked 
|  15|0x0000000080f00000, 0x0000000081000000, 0x0000000081000000|100%| O|  |TAMS 0x0000000081000000, 0x0000000080f00000| Untracked 
|  16|0x0000000081000000, 0x0000000081100000, 0x0000000081100000|100%| O|  |TAMS 0x0000000081100000, 0x0000000081000000| Untracked 
|  17|0x0000000081100000, 0x0000000081200000, 0x0000000081200000|100%| O|  |TAMS 0x0000000081200000, 0x0000000081100000| Untracked 
|  18|0x0000000081200000, 0x0000000081300000, 0x0000000081300000|100%| O|  |TAMS 0x0000000081300000, 0x0000000081200000| Untracked 
|  19|0x0000000081300000, 0x00000000813c3400, 0x0000000081400000| 76%| O|  |TAMS 0x00000000813c3400, 0x0000000081300000| Untracked 
|  20|0x0000000081400000, 0x0000000081500000, 0x0000000081500000|100%| O|  |TAMS 0x0000000081500000, 0x0000000081400000| Untracked 
|  21|0x0000000081500000, 0x0000000081600000, 0x0000000081600000|100%| O|  |TAMS 0x0000000081600000, 0x0000000081500000| Untracked 
|  22|0x0000000081600000, 0x0000000081700000, 0x0000000081700000|100%| O|  |TAMS 0x0000000081700000, 0x0000000081600000| Untracked 
|  23|0x0000000081700000, 0x0000000081800000, 0x0000000081800000|100%| O|  |TAMS 0x0000000081800000, 0x0000000081700000| Untracked 
|  24|0x0000000081800000, 0x0000000081900000, 0x0000000081900000|100%| O|  |TAMS 0x0000000081900000, 0x0000000081800000| Untracked 
|  25|0x0000000081900000, 0x0000000081a00000, 0x0000000081a00000|100%| O|  |TAMS 0x0000000081a00000, 0x0000000081900000| Untracked 
|  26|0x0000000081a00000, 0x0000000081b00000, 0x0000000081b00000|100%| O|  |TAMS 0x0000000081b00000, 0x0000000081a00000| Untracked 
|  27|0x0000000081b00000, 0x0000000081c00000, 0x0000000081c00000|100%| O|  |TAMS 0x0000000081c00000, 0x0000000081b00000| Untracked 
|  28|0x0000000081c00000, 0x0000000081d00000, 0x0000000081d00000|100%| O|  |TAMS 0x0000000081d00000, 0x0000000081c00000| Untracked 
|  29|0x0000000081d00000, 0x0000000081e00000, 0x0000000081e00000|100%| O|  |TAMS 0x0000000081e00000, 0x0000000081d00000| Untracked 
|  30|0x0000000081e00000, 0x0000000081f00000, 0x0000000081f00000|100%| O|  |TAMS 0x0000000081f00000, 0x0000000081e00000| Untracked 
|  31|0x0000000081f00000, 0x0000000082000000, 0x0000000082000000|100%| O|  |TAMS 0x0000000082000000, 0x0000000081f00000| Untracked 
|  32|0x0000000082000000, 0x0000000082100000, 0x0000000082100000|100%| O|  |TAMS 0x0000000082100000, 0x0000000082000000| Untracked 
|  33|0x0000000082100000, 0x0000000082200000, 0x0000000082200000|100%| O|  |TAMS 0x0000000082200000, 0x0000000082100000| Untracked 
|  34|0x0000000082200000, 0x0000000082300000, 0x0000000082300000|100%| O|  |TAMS 0x0000000082300000, 0x0000000082200000| Untracked 
|  35|0x0000000082300000, 0x0000000082400000, 0x0000000082400000|100%| O|  |TAMS 0x0000000082400000, 0x0000000082300000| Untracked 
|  36|0x0000000082400000, 0x0000000082500000, 0x0000000082500000|100%| O|  |TAMS 0x0000000082500000, 0x0000000082400000| Untracked 
|  37|0x0000000082500000, 0x0000000082600000, 0x0000000082600000|100%| O|  |TAMS 0x0000000082600000, 0x0000000082500000| Untracked 
|  38|0x0000000082600000, 0x0000000082700000, 0x0000000082700000|100%| O|  |TAMS 0x0000000082700000, 0x0000000082600000| Untracked 
|  39|0x0000000082700000, 0x0000000082800000, 0x0000000082800000|100%| O|  |TAMS 0x0000000082800000, 0x0000000082700000| Untracked 
|  40|0x0000000082800000, 0x0000000082900000, 0x0000000082900000|100%| O|  |TAMS 0x0000000082900000, 0x0000000082800000| Untracked 
|  41|0x0000000082900000, 0x0000000082a00000, 0x0000000082a00000|100%| O|  |TAMS 0x0000000082a00000, 0x0000000082900000| Untracked 
|  42|0x0000000082a00000, 0x0000000082b00000, 0x0000000082b00000|100%|HS|  |TAMS 0x0000000082b00000, 0x0000000082a00000| Complete 
|  43|0x0000000082b00000, 0x0000000082c00000, 0x0000000082c00000|100%|HC|  |TAMS 0x0000000082c00000, 0x0000000082b00000| Complete 
|  44|0x0000000082c00000, 0x0000000082d00000, 0x0000000082d00000|100%|HS|  |TAMS 0x0000000082d00000, 0x0000000082c00000| Complete 
|  45|0x0000000082d00000, 0x0000000082e00000, 0x0000000082e00000|100%|HC|  |TAMS 0x0000000082e00000, 0x0000000082d00000| Complete 
|  46|0x0000000082e00000, 0x0000000082f00000, 0x0000000082f00000|100%| O|  |TAMS 0x0000000082f00000, 0x0000000082e00000| Untracked 
|  47|0x0000000082f00000, 0x0000000083000000, 0x0000000083000000|100%| O|  |TAMS 0x0000000083000000, 0x0000000082f00000| Untracked 
|  48|0x0000000083000000, 0x0000000083100000, 0x0000000083100000|100%|HS|  |TAMS 0x0000000083100000, 0x0000000083000000| Complete 
|  49|0x0000000083100000, 0x0000000083200000, 0x0000000083200000|100%|HC|  |TAMS 0x0000000083200000, 0x0000000083100000| Complete 
|  50|0x0000000083200000, 0x0000000083300000, 0x0000000083300000|100%|HC|  |TAMS 0x0000000083300000, 0x0000000083200000| Complete 
|  51|0x0000000083300000, 0x0000000083400000, 0x0000000083400000|100%|HC|  |TAMS 0x0000000083400000, 0x0000000083300000| Complete 
|  52|0x0000000083400000, 0x0000000083500000, 0x0000000083500000|100%| O|  |TAMS 0x0000000083500000, 0x0000000083400000| Untracked 
|  53|0x0000000083500000, 0x0000000083600000, 0x0000000083600000|100%| O|  |TAMS 0x0000000083600000, 0x0000000083500000| Untracked 
|  54|0x0000000083600000, 0x0000000083700000, 0x0000000083700000|100%| O|  |TAMS 0x0000000083700000, 0x0000000083600000| Untracked 
|  55|0x0000000083700000, 0x0000000083800000, 0x0000000083800000|100%| O|  |TAMS 0x0000000083800000, 0x0000000083700000| Untracked 
|  56|0x0000000083800000, 0x0000000083900000, 0x0000000083900000|100%|HS|  |TAMS 0x0000000083900000, 0x0000000083800000| Complete 
|  57|0x0000000083900000, 0x0000000083a00000, 0x0000000083a00000|100%|HC|  |TAMS 0x0000000083a00000, 0x0000000083900000| Complete 
|  58|0x0000000083a00000, 0x0000000083b00000, 0x0000000083b00000|100%|HC|  |TAMS 0x0000000083b00000, 0x0000000083a00000| Complete 
|  59|0x0000000083b00000, 0x0000000083c00000, 0x0000000083c00000|100%|HC|  |TAMS 0x0000000083c00000, 0x0000000083b00000| Complete 
|  60|0x0000000083c00000, 0x0000000083d00000, 0x0000000083d00000|100%| O|  |TAMS 0x0000000083d00000, 0x0000000083c00000| Untracked 
|  61|0x0000000083d00000, 0x0000000083e00000, 0x0000000083e00000|100%| O|  |TAMS 0x0000000083e00000, 0x0000000083d00000| Untracked 
|  62|0x0000000083e00000, 0x0000000083f00000, 0x0000000083f00000|100%| O|  |TAMS 0x0000000083f00000, 0x0000000083e00000| Untracked 
|  63|0x0000000083f00000, 0x0000000084000000, 0x0000000084000000|100%| O|  |TAMS 0x0000000084000000, 0x0000000083f00000| Untracked 
|  64|0x0000000084000000, 0x0000000084100000, 0x0000000084100000|100%| O|  |TAMS 0x0000000084100000, 0x0000000084000000| Untracked 
|  65|0x0000000084100000, 0x0000000084200000, 0x0000000084200000|100%| O|  |TAMS 0x0000000084200000, 0x0000000084100000| Untracked 
|  66|0x0000000084200000, 0x0000000084300000, 0x0000000084300000|100%| O|  |TAMS 0x0000000084300000, 0x0000000084200000| Untracked 
|  67|0x0000000084300000, 0x0000000084400000, 0x0000000084400000|100%| O|  |TAMS 0x0000000084400000, 0x0000000084300000| Untracked 
|  68|0x0000000084400000, 0x0000000084500000, 0x0000000084500000|100%| O|  |TAMS 0x0000000084500000, 0x0000000084400000| Untracked 
|  69|0x0000000084500000, 0x0000000084600000, 0x0000000084600000|100%| O|  |TAMS 0x0000000084600000, 0x0000000084500000| Untracked 
|  70|0x0000000084600000, 0x0000000084700000, 0x0000000084700000|100%|HS|  |TAMS 0x0000000084700000, 0x0000000084600000| Complete 
|  71|0x0000000084700000, 0x0000000084800000, 0x0000000084800000|100%|HS|  |TAMS 0x0000000084800000, 0x0000000084700000| Complete 
|  72|0x0000000084800000, 0x0000000084900000, 0x0000000084900000|100%|HS|  |TAMS 0x0000000084900000, 0x0000000084800000| Complete 
|  73|0x0000000084900000, 0x0000000084a00000, 0x0000000084a00000|100%| O|  |TAMS 0x0000000084a00000, 0x0000000084900000| Untracked 
|  74|0x0000000084a00000, 0x0000000084b00000, 0x0000000084b00000|100%|HS|  |TAMS 0x0000000084b00000, 0x0000000084a00000| Complete 
|  75|0x0000000084b00000, 0x0000000084c00000, 0x0000000084c00000|100%| O|  |TAMS 0x0000000084c00000, 0x0000000084b00000| Untracked 
|  76|0x0000000084c00000, 0x0000000084d00000, 0x0000000084d00000|100%| O|  |TAMS 0x0000000084d00000, 0x0000000084c00000| Untracked 
|  77|0x0000000084d00000, 0x0000000084e00000, 0x0000000084e00000|100%| O|  |TAMS 0x0000000084e00000, 0x0000000084d00000| Untracked 
|  78|0x0000000084e00000, 0x0000000084f00000, 0x0000000084f00000|100%| O|  |TAMS 0x0000000084f00000, 0x0000000084e00000| Untracked 
|  79|0x0000000084f00000, 0x0000000085000000, 0x0000000085000000|100%| O|  |TAMS 0x0000000085000000, 0x0000000084f00000| Untracked 
|  80|0x0000000085000000, 0x0000000085100000, 0x0000000085100000|100%| O|  |TAMS 0x0000000085100000, 0x0000000085000000| Untracked 
|  81|0x0000000085100000, 0x0000000085200000, 0x0000000085200000|100%| O|  |TAMS 0x0000000085200000, 0x0000000085100000| Untracked 
|  82|0x0000000085200000, 0x0000000085300000, 0x0000000085300000|100%| O|  |TAMS 0x0000000085300000, 0x0000000085200000| Untracked 
|  83|0x0000000085300000, 0x0000000085400000, 0x0000000085400000|100%| O|  |TAMS 0x0000000085400000, 0x0000000085300000| Untracked 
|  84|0x0000000085400000, 0x0000000085500000, 0x0000000085500000|100%| O|  |TAMS 0x0000000085500000, 0x0000000085400000| Untracked 
|  85|0x0000000085500000, 0x0000000085600000, 0x0000000085600000|100%| O|  |TAMS 0x0000000085600000, 0x0000000085500000| Untracked 
|  86|0x0000000085600000, 0x0000000085700000, 0x0000000085700000|100%| O|  |TAMS 0x0000000085700000, 0x0000000085600000| Untracked 
|  87|0x0000000085700000, 0x0000000085800000, 0x0000000085800000|100%| O|  |TAMS 0x0000000085800000, 0x0000000085700000| Untracked 
|  88|0x0000000085800000, 0x0000000085900000, 0x0000000085900000|100%| O|  |TAMS 0x0000000085900000, 0x0000000085800000| Untracked 
|  89|0x0000000085900000, 0x0000000085a00000, 0x0000000085a00000|100%| O|  |TAMS 0x0000000085a00000, 0x0000000085900000| Untracked 
|  90|0x0000000085a00000, 0x0000000085b00000, 0x0000000085b00000|100%| O|  |TAMS 0x0000000085b00000, 0x0000000085a00000| Untracked 
|  91|0x0000000085b00000, 0x0000000085c00000, 0x0000000085c00000|100%| O|  |TAMS 0x0000000085c00000, 0x0000000085b00000| Untracked 
|  92|0x0000000085c00000, 0x0000000085d00000, 0x0000000085d00000|100%| O|  |TAMS 0x0000000085d00000, 0x0000000085c00000| Untracked 
|  93|0x0000000085d00000, 0x0000000085e00000, 0x0000000085e00000|100%| O|  |TAMS 0x0000000085e00000, 0x0000000085d00000| Untracked 
|  94|0x0000000085e00000, 0x0000000085f00000, 0x0000000085f00000|100%| O|  |TAMS 0x0000000085f00000, 0x0000000085e00000| Untracked 
|  95|0x0000000085f00000, 0x0000000086000000, 0x0000000086000000|100%| O|  |TAMS 0x0000000086000000, 0x0000000085f00000| Untracked 
|  96|0x0000000086000000, 0x0000000086100000, 0x0000000086100000|100%| O|  |TAMS 0x0000000086100000, 0x0000000086000000| Untracked 
|  97|0x0000000086100000, 0x0000000086200000, 0x0000000086200000|100%| O|  |TAMS 0x0000000086200000, 0x0000000086100000| Untracked 
|  98|0x0000000086200000, 0x0000000086300000, 0x0000000086300000|100%|HS|  |TAMS 0x0000000086300000, 0x0000000086200000| Complete 
|  99|0x0000000086300000, 0x0000000086400000, 0x0000000086400000|100%|HC|  |TAMS 0x0000000086400000, 0x0000000086300000| Complete 
| 100|0x0000000086400000, 0x0000000086500000, 0x0000000086500000|100%|HS|  |TAMS 0x0000000086500000, 0x0000000086400000| Complete 
| 101|0x0000000086500000, 0x0000000086600000, 0x0000000086600000|100%|HC|  |TAMS 0x0000000086600000, 0x0000000086500000| Complete 
| 102|0x0000000086600000, 0x0000000086700000, 0x0000000086700000|100%|HC|  |TAMS 0x0000000086700000, 0x0000000086600000| Complete 
| 103|0x0000000086700000, 0x0000000086800000, 0x0000000086800000|100%|HC|  |TAMS 0x0000000086800000, 0x0000000086700000| Complete 
| 104|0x0000000086800000, 0x0000000086900000, 0x0000000086900000|100%| O|  |TAMS 0x0000000086900000, 0x0000000086800000| Untracked 
| 105|0x0000000086900000, 0x0000000086a00000, 0x0000000086a00000|100%| O|  |TAMS 0x0000000086a00000, 0x0000000086900000| Untracked 
| 106|0x0000000086a00000, 0x0000000086b00000, 0x0000000086b00000|100%| O|  |TAMS 0x0000000086b00000, 0x0000000086a00000| Untracked 
| 107|0x0000000086b00000, 0x0000000086c00000, 0x0000000086c00000|100%| O|  |TAMS 0x0000000086c00000, 0x0000000086b00000| Untracked 
| 108|0x0000000086c00000, 0x0000000086d00000, 0x0000000086d00000|100%| O|  |TAMS 0x0000000086d00000, 0x0000000086c00000| Untracked 
| 109|0x0000000086d00000, 0x0000000086e00000, 0x0000000086e00000|100%| O|  |TAMS 0x0000000086e00000, 0x0000000086d00000| Untracked 
| 110|0x0000000086e00000, 0x0000000086f00000, 0x0000000086f00000|100%| O|  |TAMS 0x0000000086f00000, 0x0000000086e00000| Untracked 
| 111|0x0000000086f00000, 0x0000000087000000, 0x0000000087000000|100%| O|  |TAMS 0x0000000087000000, 0x0000000086f00000| Untracked 
| 112|0x0000000087000000, 0x0000000087100000, 0x0000000087100000|100%| O|  |TAMS 0x0000000087100000, 0x0000000087000000| Untracked 
| 113|0x0000000087100000, 0x0000000087200000, 0x0000000087200000|100%| O|  |TAMS 0x0000000087200000, 0x0000000087100000| Untracked 
| 114|0x0000000087200000, 0x0000000087300000, 0x0000000087300000|100%| O|  |TAMS 0x0000000087300000, 0x0000000087200000| Untracked 
| 115|0x0000000087300000, 0x0000000087400000, 0x0000000087400000|100%| O|  |TAMS 0x0000000087400000, 0x0000000087300000| Untracked 
| 116|0x0000000087400000, 0x0000000087500000, 0x0000000087500000|100%| O|  |TAMS 0x0000000087500000, 0x0000000087400000| Untracked 
| 117|0x0000000087500000, 0x0000000087600000, 0x0000000087600000|100%| O|  |TAMS 0x0000000087600000, 0x0000000087500000| Untracked 
| 118|0x0000000087600000, 0x0000000087700000, 0x0000000087700000|100%| O|  |TAMS 0x0000000087700000, 0x0000000087600000| Untracked 
| 119|0x0000000087700000, 0x0000000087800000, 0x0000000087800000|100%| O|  |TAMS 0x0000000087800000, 0x0000000087700000| Untracked 
| 120|0x0000000087800000, 0x0000000087900000, 0x0000000087900000|100%| O|  |TAMS 0x0000000087900000, 0x0000000087800000| Untracked 
| 121|0x0000000087900000, 0x0000000087a00000, 0x0000000087a00000|100%| O|  |TAMS 0x0000000087a00000, 0x0000000087900000| Untracked 
| 122|0x0000000087a00000, 0x0000000087b00000, 0x0000000087b00000|100%| O|  |TAMS 0x0000000087b00000, 0x0000000087a00000| Untracked 
| 123|0x0000000087b00000, 0x0000000087c00000, 0x0000000087c00000|100%| O|  |TAMS 0x0000000087c00000, 0x0000000087b00000| Untracked 
| 124|0x0000000087c00000, 0x0000000087d00000, 0x0000000087d00000|100%| O|  |TAMS 0x0000000087d00000, 0x0000000087c00000| Untracked 
| 125|0x0000000087d00000, 0x0000000087e00000, 0x0000000087e00000|100%| O|  |TAMS 0x0000000087e00000, 0x0000000087d00000| Untracked 
| 126|0x0000000087e00000, 0x0000000087f00000, 0x0000000087f00000|100%| O|  |TAMS 0x0000000087f00000, 0x0000000087e00000| Untracked 
| 127|0x0000000087f00000, 0x0000000088000000, 0x0000000088000000|100%| O|  |TAMS 0x0000000088000000, 0x0000000087f00000| Untracked 
| 128|0x0000000088000000, 0x0000000088100000, 0x0000000088100000|100%| O|  |TAMS 0x0000000088100000, 0x0000000088000000| Untracked 
| 129|0x0000000088100000, 0x0000000088200000, 0x0000000088200000|100%| O|  |TAMS 0x0000000088200000, 0x0000000088100000| Untracked 
| 130|0x0000000088200000, 0x0000000088300000, 0x0000000088300000|100%| O|  |TAMS 0x0000000088300000, 0x0000000088200000| Untracked 
| 131|0x0000000088300000, 0x0000000088400000, 0x0000000088400000|100%| O|  |TAMS 0x0000000088400000, 0x0000000088300000| Untracked 
| 132|0x0000000088400000, 0x0000000088500000, 0x0000000088500000|100%| O|  |TAMS 0x0000000088500000, 0x0000000088400000| Untracked 
| 133|0x0000000088500000, 0x0000000088600000, 0x0000000088600000|100%| O|  |TAMS 0x0000000088600000, 0x0000000088500000| Untracked 
| 134|0x0000000088600000, 0x0000000088700000, 0x0000000088700000|100%| O|  |TAMS 0x0000000088700000, 0x0000000088600000| Untracked 
| 135|0x0000000088700000, 0x0000000088800000, 0x0000000088800000|100%|HS|  |TAMS 0x0000000088800000, 0x0000000088700000| Complete 
| 136|0x0000000088800000, 0x0000000088900000, 0x0000000088900000|100%|HS|  |TAMS 0x0000000088900000, 0x0000000088800000| Complete 
| 137|0x0000000088900000, 0x0000000088a00000, 0x0000000088a00000|100%| O|  |TAMS 0x0000000088a00000, 0x0000000088900000| Untracked 
| 138|0x0000000088a00000, 0x0000000088b00000, 0x0000000088b00000|100%| O|  |TAMS 0x0000000088b00000, 0x0000000088a00000| Untracked 
| 139|0x0000000088b00000, 0x0000000088c00000, 0x0000000088c00000|100%| O|  |TAMS 0x0000000088c00000, 0x0000000088b00000| Untracked 
| 140|0x0000000088c00000, 0x0000000088d00000, 0x0000000088d00000|100%| O|  |TAMS 0x0000000088d00000, 0x0000000088c00000| Untracked 
| 141|0x0000000088d00000, 0x0000000088e00000, 0x0000000088e00000|100%| O|  |TAMS 0x0000000088e00000, 0x0000000088d00000| Untracked 
| 142|0x0000000088e00000, 0x0000000088f00000, 0x0000000088f00000|100%| O|  |TAMS 0x0000000088f00000, 0x0000000088e00000| Untracked 
| 143|0x0000000088f00000, 0x0000000089000000, 0x0000000089000000|100%|HS|  |TAMS 0x0000000089000000, 0x0000000088f00000| Complete 
| 144|0x0000000089000000, 0x0000000089100000, 0x0000000089100000|100%|HC|  |TAMS 0x0000000089100000, 0x0000000089000000| Complete 
| 145|0x0000000089100000, 0x0000000089200000, 0x0000000089200000|100%| O|  |TAMS 0x0000000089200000, 0x0000000089100000| Untracked 
| 146|0x0000000089200000, 0x0000000089300000, 0x0000000089300000|100%| O|  |TAMS 0x0000000089300000, 0x0000000089200000| Untracked 
| 147|0x0000000089300000, 0x0000000089400000, 0x0000000089400000|100%| O|  |TAMS 0x0000000089400000, 0x0000000089300000| Untracked 
| 148|0x0000000089400000, 0x0000000089500000, 0x0000000089500000|100%| O|  |TAMS 0x0000000089500000, 0x0000000089400000| Untracked 
| 149|0x0000000089500000, 0x0000000089600000, 0x0000000089600000|100%| O|  |TAMS 0x0000000089600000, 0x0000000089500000| Untracked 
| 150|0x0000000089600000, 0x0000000089700000, 0x0000000089700000|100%| O|  |TAMS 0x0000000089600000, 0x0000000089600000| Untracked 
| 151|0x0000000089700000, 0x0000000089800000, 0x0000000089800000|100%|HS|  |TAMS 0x0000000089800000, 0x0000000089700000| Complete 
| 152|0x0000000089800000, 0x0000000089900000, 0x0000000089900000|100%|HS|  |TAMS 0x0000000089900000, 0x0000000089800000| Complete 
| 153|0x0000000089900000, 0x0000000089a00000, 0x0000000089a00000|100%| O|  |TAMS 0x0000000089900000, 0x0000000089900000| Untracked 
| 154|0x0000000089a00000, 0x0000000089b00000, 0x0000000089b00000|100%| O|  |TAMS 0x0000000089b00000, 0x0000000089a00000| Untracked 
| 155|0x0000000089b00000, 0x0000000089c00000, 0x0000000089c00000|100%| O|  |TAMS 0x0000000089c00000, 0x0000000089b00000| Untracked 
| 156|0x0000000089c00000, 0x0000000089d00000, 0x0000000089d00000|100%| O|  |TAMS 0x0000000089d00000, 0x0000000089c00000| Untracked 
| 157|0x0000000089d00000, 0x0000000089e00000, 0x0000000089e00000|100%| O|  |TAMS 0x0000000089e00000, 0x0000000089d00000| Untracked 
| 158|0x0000000089e00000, 0x0000000089f00000, 0x0000000089f00000|100%| O|  |TAMS 0x0000000089f00000, 0x0000000089e00000| Untracked 
| 159|0x0000000089f00000, 0x000000008a000000, 0x000000008a000000|100%| O|  |TAMS 0x0000000089f00000, 0x0000000089f00000| Untracked 
| 160|0x000000008a000000, 0x000000008a100000, 0x000000008a100000|100%| O|  |TAMS 0x000000008a000000, 0x000000008a000000| Untracked 
| 161|0x000000008a100000, 0x000000008a200000, 0x000000008a200000|100%| O|  |TAMS 0x000000008a100000, 0x000000008a100000| Untracked 
| 162|0x000000008a200000, 0x000000008a300000, 0x000000008a300000|100%| O|  |TAMS 0x000000008a200000, 0x000000008a200000| Untracked 
| 163|0x000000008a300000, 0x000000008a400000, 0x000000008a400000|100%| O|  |TAMS 0x000000008a300000, 0x000000008a300000| Untracked 
| 164|0x000000008a400000, 0x000000008a500000, 0x000000008a500000|100%| O|  |TAMS 0x000000008a400000, 0x000000008a400000| Untracked 
| 165|0x000000008a500000, 0x000000008a600000, 0x000000008a600000|100%|HS|  |TAMS 0x000000008a500000, 0x000000008a500000| Complete 
| 166|0x000000008a600000, 0x000000008a700000, 0x000000008a700000|100%|HS|  |TAMS 0x000000008a600000, 0x000000008a600000| Complete 
| 167|0x000000008a700000, 0x000000008a800000, 0x000000008a800000|100%|HS|  |TAMS 0x000000008a700000, 0x000000008a700000| Complete 
| 168|0x000000008a800000, 0x000000008a900000, 0x000000008a900000|100%| O|  |TAMS 0x000000008a800000, 0x000000008a800000| Untracked 
| 169|0x000000008a900000, 0x000000008aa00000, 0x000000008aa00000|100%| O|  |TAMS 0x000000008a900000, 0x000000008a900000| Untracked 
| 170|0x000000008aa00000, 0x000000008ab00000, 0x000000008ab00000|100%| O|  |TAMS 0x000000008aa00000, 0x000000008aa00000| Untracked 
| 171|0x000000008ab00000, 0x000000008ac00000, 0x000000008ac00000|100%| O|  |TAMS 0x000000008ab00000, 0x000000008ab00000| Untracked 
| 172|0x000000008ac00000, 0x000000008ad00000, 0x000000008ad00000|100%| O|  |TAMS 0x000000008ac00000, 0x000000008ac00000| Untracked 
| 173|0x000000008ad00000, 0x000000008ae00000, 0x000000008ae00000|100%| O|  |TAMS 0x000000008ad00000, 0x000000008ad00000| Untracked 
| 174|0x000000008ae00000, 0x000000008af00000, 0x000000008af00000|100%| O|  |TAMS 0x000000008ae00000, 0x000000008ae00000| Untracked 
| 175|0x000000008af00000, 0x000000008b000000, 0x000000008b000000|100%| O|  |TAMS 0x000000008af00000, 0x000000008af00000| Untracked 
| 176|0x000000008b000000, 0x000000008b100000, 0x000000008b100000|100%| O|  |TAMS 0x000000008b000000, 0x000000008b000000| Untracked 
| 177|0x000000008b100000, 0x000000008b200000, 0x000000008b200000|100%| O|  |TAMS 0x000000008b100000, 0x000000008b100000| Untracked 
| 178|0x000000008b200000, 0x000000008b300000, 0x000000008b300000|100%| O|  |TAMS 0x000000008b200000, 0x000000008b200000| Untracked 
| 179|0x000000008b300000, 0x000000008b400000, 0x000000008b400000|100%| O|  |TAMS 0x000000008b300000, 0x000000008b300000| Untracked 
| 180|0x000000008b400000, 0x000000008b500000, 0x000000008b500000|100%| O|  |TAMS 0x000000008b400000, 0x000000008b400000| Untracked 
| 181|0x000000008b500000, 0x000000008b600000, 0x000000008b600000|100%| O|  |TAMS 0x000000008b500000, 0x000000008b500000| Untracked 
| 182|0x000000008b600000, 0x000000008b700000, 0x000000008b700000|100%| O|  |TAMS 0x000000008b600000, 0x000000008b600000| Untracked 
| 183|0x000000008b700000, 0x000000008b800000, 0x000000008b800000|100%| O|  |TAMS 0x000000008b700000, 0x000000008b700000| Untracked 
| 184|0x000000008b800000, 0x000000008b900000, 0x000000008b900000|100%| O|  |TAMS 0x000000008b800000, 0x000000008b800000| Untracked 
| 185|0x000000008b900000, 0x000000008ba00000, 0x000000008ba00000|100%| O|  |TAMS 0x000000008b900000, 0x000000008b900000| Untracked 
| 186|0x000000008ba00000, 0x000000008bb00000, 0x000000008bb00000|100%| O|  |TAMS 0x000000008ba00000, 0x000000008ba00000| Untracked 
| 187|0x000000008bb00000, 0x000000008bc00000, 0x000000008bc00000|100%| O|  |TAMS 0x000000008bb00000, 0x000000008bb00000| Untracked 
| 188|0x000000008bc00000, 0x000000008bd00000, 0x000000008bd00000|100%| O|  |TAMS 0x000000008bc00000, 0x000000008bc00000| Untracked 
| 189|0x000000008bd00000, 0x000000008be00000, 0x000000008be00000|100%| O|  |TAMS 0x000000008bd00000, 0x000000008bd00000| Untracked 
| 190|0x000000008be00000, 0x000000008bf00000, 0x000000008bf00000|100%| O|  |TAMS 0x000000008be00000, 0x000000008be00000| Untracked 
| 191|0x000000008bf00000, 0x000000008c000000, 0x000000008c000000|100%| O|  |TAMS 0x000000008bf00000, 0x000000008bf00000| Untracked 
| 192|0x000000008c000000, 0x000000008c100000, 0x000000008c100000|100%| O|  |TAMS 0x000000008c000000, 0x000000008c000000| Untracked 
| 193|0x000000008c100000, 0x000000008c200000, 0x000000008c200000|100%| O|  |TAMS 0x000000008c100000, 0x000000008c100000| Untracked 
| 194|0x000000008c200000, 0x000000008c300000, 0x000000008c300000|100%| O|  |TAMS 0x000000008c200000, 0x000000008c200000| Untracked 
| 195|0x000000008c300000, 0x000000008c400000, 0x000000008c400000|100%| O|  |TAMS 0x000000008c300000, 0x000000008c300000| Untracked 
| 196|0x000000008c400000, 0x000000008c500000, 0x000000008c500000|100%| O|  |TAMS 0x000000008c400000, 0x000000008c400000| Untracked 
| 197|0x000000008c500000, 0x000000008c600000, 0x000000008c600000|100%| O|  |TAMS 0x000000008c500000, 0x000000008c500000| Untracked 
| 198|0x000000008c600000, 0x000000008c700000, 0x000000008c700000|100%| O|  |TAMS 0x000000008c600000, 0x000000008c600000| Untracked 
| 199|0x000000008c700000, 0x000000008c800000, 0x000000008c800000|100%| O|  |TAMS 0x000000008c700000, 0x000000008c700000| Untracked 
| 200|0x000000008c800000, 0x000000008c900000, 0x000000008c900000|100%| O|  |TAMS 0x000000008c800000, 0x000000008c800000| Untracked 
| 201|0x000000008c900000, 0x000000008ca00000, 0x000000008ca00000|100%| O|  |TAMS 0x000000008c900000, 0x000000008c900000| Untracked 
| 202|0x000000008ca00000, 0x000000008cb00000, 0x000000008cb00000|100%| O|  |TAMS 0x000000008ca00000, 0x000000008ca00000| Untracked 
| 203|0x000000008cb00000, 0x000000008cc00000, 0x000000008cc00000|100%| O|  |TAMS 0x000000008cb00000, 0x000000008cb00000| Untracked 
| 204|0x000000008cc00000, 0x000000008cd00000, 0x000000008cd00000|100%| O|  |TAMS 0x000000008cc00000, 0x000000008cc00000| Untracked 
| 205|0x000000008cd00000, 0x000000008ce00000, 0x000000008ce00000|100%| O|  |TAMS 0x000000008cd00000, 0x000000008cd00000| Untracked 
| 206|0x000000008ce00000, 0x000000008cf00000, 0x000000008cf00000|100%| O|  |TAMS 0x000000008ce00000, 0x000000008ce00000| Untracked 
| 207|0x000000008cf00000, 0x000000008d000000, 0x000000008d000000|100%| O|  |TAMS 0x000000008cf00000, 0x000000008cf00000| Untracked 
| 208|0x000000008d000000, 0x000000008d100000, 0x000000008d100000|100%| O|  |TAMS 0x000000008d000000, 0x000000008d000000| Untracked 
| 209|0x000000008d100000, 0x000000008d200000, 0x000000008d200000|100%| O|  |TAMS 0x000000008d100000, 0x000000008d100000| Untracked 
| 210|0x000000008d200000, 0x000000008d300000, 0x000000008d300000|100%| O|  |TAMS 0x000000008d200000, 0x000000008d200000| Untracked 
| 211|0x000000008d300000, 0x000000008d400000, 0x000000008d400000|100%| O|  |TAMS 0x000000008d300000, 0x000000008d300000| Untracked 
| 212|0x000000008d400000, 0x000000008d500000, 0x000000008d500000|100%| O|  |TAMS 0x000000008d400000, 0x000000008d400000| Untracked 
| 213|0x000000008d500000, 0x000000008d600000, 0x000000008d600000|100%| O|  |TAMS 0x000000008d500000, 0x000000008d500000| Untracked 
| 214|0x000000008d600000, 0x000000008d700000, 0x000000008d700000|100%| O|  |TAMS 0x000000008d600000, 0x000000008d600000| Untracked 
| 215|0x000000008d700000, 0x000000008d800000, 0x000000008d800000|100%| O|  |TAMS 0x000000008d700000, 0x000000008d700000| Untracked 
| 216|0x000000008d800000, 0x000000008d900000, 0x000000008d900000|100%| O|  |TAMS 0x000000008d800000, 0x000000008d800000| Untracked 
| 217|0x000000008d900000, 0x000000008da00000, 0x000000008da00000|100%| O|  |TAMS 0x000000008d900000, 0x000000008d900000| Untracked 
| 218|0x000000008da00000, 0x000000008db00000, 0x000000008db00000|100%| O|  |TAMS 0x000000008da00000, 0x000000008da00000| Untracked 
| 219|0x000000008db00000, 0x000000008dc00000, 0x000000008dc00000|100%| O|  |TAMS 0x000000008db00000, 0x000000008db00000| Untracked 
| 220|0x000000008dc00000, 0x000000008dd00000, 0x000000008dd00000|100%| O|  |TAMS 0x000000008dc00000, 0x000000008dc00000| Untracked 
| 221|0x000000008dd00000, 0x000000008dd3e600, 0x000000008de00000| 24%| O|  |TAMS 0x000000008dd00000, 0x000000008dd00000| Untracked 
| 222|0x000000008de00000, 0x000000008df00000, 0x000000008df00000|100%| O|  |TAMS 0x000000008de00000, 0x000000008de00000| Untracked 
| 223|0x000000008df00000, 0x000000008e000000, 0x000000008e000000|100%| O|  |TAMS 0x000000008df00000, 0x000000008df00000| Untracked 
| 224|0x000000008e000000, 0x000000008e100000, 0x000000008e100000|100%| O|  |TAMS 0x000000008e000000, 0x000000008e000000| Untracked 
| 225|0x000000008e100000, 0x000000008e200000, 0x000000008e200000|100%| O|  |TAMS 0x000000008e100000, 0x000000008e100000| Untracked 
| 226|0x000000008e200000, 0x000000008e300000, 0x000000008e300000|100%| O|  |TAMS 0x000000008e200000, 0x000000008e200000| Untracked 
| 227|0x000000008e300000, 0x000000008e400000, 0x000000008e400000|100%| O|  |TAMS 0x000000008e300000, 0x000000008e300000| Untracked 
| 228|0x000000008e400000, 0x000000008e500000, 0x000000008e500000|100%| O|  |TAMS 0x000000008e400000, 0x000000008e400000| Untracked 
| 229|0x000000008e500000, 0x000000008e600000, 0x000000008e600000|100%| O|  |TAMS 0x000000008e500000, 0x000000008e500000| Untracked 
| 230|0x000000008e600000, 0x000000008e700000, 0x000000008e700000|100%| O|  |TAMS 0x000000008e600000, 0x000000008e600000| Untracked 
| 231|0x000000008e700000, 0x000000008e800000, 0x000000008e800000|100%| O|  |TAMS 0x000000008e700000, 0x000000008e700000| Untracked 
| 232|0x000000008e800000, 0x000000008e900000, 0x000000008e900000|100%| O|  |TAMS 0x000000008e800000, 0x000000008e800000| Untracked 
| 233|0x000000008e900000, 0x000000008ea00000, 0x000000008ea00000|100%| O|  |TAMS 0x000000008e900000, 0x000000008e900000| Untracked 
| 234|0x000000008ea00000, 0x000000008eb00000, 0x000000008eb00000|100%| O|  |TAMS 0x000000008ea00000, 0x000000008ea00000| Untracked 
| 235|0x000000008eb00000, 0x000000008eb00000, 0x000000008ec00000|  0%| F|  |TAMS 0x000000008eb00000, 0x000000008eb00000| Untracked 
| 236|0x000000008ec00000, 0x000000008ec00000, 0x000000008ed00000|  0%| F|  |TAMS 0x000000008ec00000, 0x000000008ec00000| Untracked 
| 237|0x000000008ed00000, 0x000000008ed00000, 0x000000008ee00000|  0%| F|  |TAMS 0x000000008ed00000, 0x000000008ed00000| Untracked 
| 238|0x000000008ee00000, 0x000000008ee00000, 0x000000008ef00000|  0%| F|  |TAMS 0x000000008ee00000, 0x000000008ee00000| Untracked 
| 239|0x000000008ef00000, 0x000000008ef00000, 0x000000008f000000|  0%| F|  |TAMS 0x000000008ef00000, 0x000000008ef00000| Untracked 
| 240|0x000000008f000000, 0x000000008f000000, 0x000000008f100000|  0%| F|  |TAMS 0x000000008f000000, 0x000000008f000000| Untracked 
| 241|0x000000008f100000, 0x000000008f100000, 0x000000008f200000|  0%| F|  |TAMS 0x000000008f100000, 0x000000008f100000| Untracked 
| 242|0x000000008f200000, 0x000000008f200000, 0x000000008f300000|  0%| F|  |TAMS 0x000000008f200000, 0x000000008f200000| Untracked 
| 243|0x000000008f300000, 0x000000008f300000, 0x000000008f400000|  0%| F|  |TAMS 0x000000008f300000, 0x000000008f300000| Untracked 
| 244|0x000000008f400000, 0x000000008f400000, 0x000000008f500000|  0%| F|  |TAMS 0x000000008f400000, 0x000000008f400000| Untracked 
| 245|0x000000008f500000, 0x000000008f500000, 0x000000008f600000|  0%| F|  |TAMS 0x000000008f500000, 0x000000008f500000| Untracked 
| 246|0x000000008f600000, 0x000000008f600000, 0x000000008f700000|  0%| F|  |TAMS 0x000000008f600000, 0x000000008f600000| Untracked 
| 247|0x000000008f700000, 0x000000008f700000, 0x000000008f800000|  0%| F|  |TAMS 0x000000008f700000, 0x000000008f700000| Untracked 
| 248|0x000000008f800000, 0x000000008f800000, 0x000000008f900000|  0%| F|  |TAMS 0x000000008f800000, 0x000000008f800000| Untracked 
| 249|0x000000008f900000, 0x000000008f900000, 0x000000008fa00000|  0%| F|  |TAMS 0x000000008f900000, 0x000000008f900000| Untracked 
| 250|0x000000008fa00000, 0x000000008fa00000, 0x000000008fb00000|  0%| F|  |TAMS 0x000000008fa00000, 0x000000008fa00000| Untracked 
| 251|0x000000008fb00000, 0x000000008fb00000, 0x000000008fc00000|  0%| F|  |TAMS 0x000000008fb00000, 0x000000008fb00000| Untracked 
| 252|0x000000008fc00000, 0x000000008fc00000, 0x000000008fd00000|  0%| F|  |TAMS 0x000000008fc00000, 0x000000008fc00000| Untracked 
| 253|0x000000008fd00000, 0x000000008fd00000, 0x000000008fe00000|  0%| F|  |TAMS 0x000000008fd00000, 0x000000008fd00000| Untracked 
| 254|0x000000008fe00000, 0x000000008fe00000, 0x000000008ff00000|  0%| F|  |TAMS 0x000000008fe00000, 0x000000008fe00000| Untracked 
| 255|0x000000008ff00000, 0x000000008ff00000, 0x0000000090000000|  0%| F|  |TAMS 0x000000008ff00000, 0x000000008ff00000| Untracked 
| 256|0x0000000090000000, 0x0000000090000000, 0x0000000090100000|  0%| F|  |TAMS 0x0000000090000000, 0x0000000090000000| Untracked 
| 257|0x0000000090100000, 0x0000000090100000, 0x0000000090200000|  0%| F|  |TAMS 0x0000000090100000, 0x0000000090100000| Untracked 
| 258|0x0000000090200000, 0x0000000090200000, 0x0000000090300000|  0%| F|  |TAMS 0x0000000090200000, 0x0000000090200000| Untracked 
| 259|0x0000000090300000, 0x0000000090300000, 0x0000000090400000|  0%| F|  |TAMS 0x0000000090300000, 0x0000000090300000| Untracked 
| 260|0x0000000090400000, 0x0000000090400000, 0x0000000090500000|  0%| F|  |TAMS 0x0000000090400000, 0x0000000090400000| Untracked 
| 261|0x0000000090500000, 0x0000000090500000, 0x0000000090600000|  0%| F|  |TAMS 0x0000000090500000, 0x0000000090500000| Untracked 
| 262|0x0000000090600000, 0x0000000090600000, 0x0000000090700000|  0%| F|  |TAMS 0x0000000090600000, 0x0000000090600000| Untracked 
| 263|0x0000000090700000, 0x0000000090700000, 0x0000000090800000|  0%| F|  |TAMS 0x0000000090700000, 0x0000000090700000| Untracked 
| 264|0x0000000090800000, 0x0000000090800000, 0x0000000090900000|  0%| F|  |TAMS 0x0000000090800000, 0x0000000090800000| Untracked 
| 265|0x0000000090900000, 0x0000000090900000, 0x0000000090a00000|  0%| F|  |TAMS 0x0000000090900000, 0x0000000090900000| Untracked 
| 266|0x0000000090a00000, 0x0000000090ae3b50, 0x0000000090b00000| 88%| S|CS|TAMS 0x0000000090a00000, 0x0000000090a00000| Complete 
| 267|0x0000000090b00000, 0x0000000090b00000, 0x0000000090c00000|  0%| F|  |TAMS 0x0000000090b00000, 0x0000000090b00000| Untracked 
| 268|0x0000000090c00000, 0x0000000090c00000, 0x0000000090d00000|  0%| F|  |TAMS 0x0000000090c00000, 0x0000000090c00000| Untracked 
| 269|0x0000000090d00000, 0x0000000090e00000, 0x0000000090e00000|100%| S|CS|TAMS 0x0000000090d00000, 0x0000000090d00000| Complete 
| 270|0x0000000090e00000, 0x0000000090e00000, 0x0000000090f00000|  0%| F|  |TAMS 0x0000000090e00000, 0x0000000090e00000| Untracked 
| 271|0x0000000090f00000, 0x0000000090f00000, 0x0000000091000000|  0%| F|  |TAMS 0x0000000090f00000, 0x0000000090f00000| Untracked 
| 272|0x0000000091000000, 0x0000000091000000, 0x0000000091100000|  0%| F|  |TAMS 0x0000000091000000, 0x0000000091000000| Untracked 
| 273|0x0000000091100000, 0x0000000091100000, 0x0000000091200000|  0%| F|  |TAMS 0x0000000091100000, 0x0000000091100000| Untracked 
| 274|0x0000000091200000, 0x0000000091200000, 0x0000000091300000|  0%| F|  |TAMS 0x0000000091200000, 0x0000000091200000| Untracked 
| 275|0x0000000091300000, 0x0000000091300000, 0x0000000091400000|  0%| F|  |TAMS 0x0000000091300000, 0x0000000091300000| Untracked 
| 276|0x0000000091400000, 0x0000000091400000, 0x0000000091500000|  0%| F|  |TAMS 0x0000000091400000, 0x0000000091400000| Untracked 
| 277|0x0000000091500000, 0x0000000091500000, 0x0000000091600000|  0%| F|  |TAMS 0x0000000091500000, 0x0000000091500000| Untracked 
| 278|0x0000000091600000, 0x0000000091600000, 0x0000000091700000|  0%| F|  |TAMS 0x0000000091600000, 0x0000000091600000| Untracked 
| 279|0x0000000091700000, 0x0000000091700000, 0x0000000091800000|  0%| F|  |TAMS 0x0000000091700000, 0x0000000091700000| Untracked 
| 280|0x0000000091800000, 0x0000000091800000, 0x0000000091900000|  0%| F|  |TAMS 0x0000000091800000, 0x0000000091800000| Untracked 
| 281|0x0000000091900000, 0x0000000091900000, 0x0000000091a00000|  0%| F|  |TAMS 0x0000000091900000, 0x0000000091900000| Untracked 
| 282|0x0000000091a00000, 0x0000000091a57788, 0x0000000091b00000| 34%| E|  |TAMS 0x0000000091a00000, 0x0000000091a00000| Complete 
| 283|0x0000000091b00000, 0x0000000091c00000, 0x0000000091c00000|100%| E|CS|TAMS 0x0000000091b00000, 0x0000000091b00000| Complete 

Card table byte_map: [0x0000013777e20000,0x0000013778220000] _byte_map_base: 0x0000013777a20000

Marking Bits (Prev, Next): (CMBitMap*) 0x000001376fe2dfa0, (CMBitMap*) 0x000001376fe2df60
 Prev Bits: [0x000001377a620000, 0x000001377c620000)
 Next Bits: [0x0000013778620000, 0x000001377a620000)

Polling page: 0x000001376f580000

Metaspace:

Usage:
  Non-class:     91.26 MB used.
      Class:     14.73 MB used.
       Both:    105.99 MB used.

Virtual space:
  Non-class space:      128.00 MB reserved,      92.62 MB ( 72%) committed,  2 nodes.
      Class space:      412.00 MB reserved,      16.06 MB (  4%) committed,  1 nodes.
             Both:      540.00 MB reserved,     108.69 MB ( 20%) committed. 

Chunk freelists:
   Non-Class:  2.86 MB
       Class:  3.75 MB
        Both:  6.61 MB

MaxMetaspaceSize: 512.00 MB
CompressedClassSpaceSize: 412.00 MB
Initial GC threshold: 21.00 MB
Current GC threshold: 162.00 MB
CDS: on
MetaspaceReclaimPolicy: balanced
 - commit_granule_bytes: 65536.
 - commit_granule_words: 8192.
 - virtual_space_node_default_size: 8388608.
 - enlarge_chunks_in_place: 1.
 - new_chunks_are_fully_committed: 0.
 - uncommit_free_chunks: 1.
 - use_allocation_guard: 0.


Internal statistics:

num_allocs_failed_limit: 6.
num_arena_births: 4518.
num_arena_deaths: 0.
num_vsnodes_births: 3.
num_vsnodes_deaths: 0.
num_space_committed: 1739.
num_space_uncommitted: 0.
num_chunks_returned_to_freelist: 6.
num_chunks_taken_from_freelist: 9916.
num_chunk_merges: 6.
num_chunk_splits: 6398.
num_chunks_enlarged: 3931.
num_inconsistent_stats: 0.

CodeHeap 'non-profiled nmethods': size=120000Kb used=9434Kb max_used=9948Kb free=110566Kb
 bounds [0x0000013707ad0000, 0x0000013708490000, 0x000001370f000000]
CodeHeap 'profiled nmethods': size=120000Kb used=30930Kb max_used=32594Kb free=89069Kb
 bounds [0x00000137005a0000, 0x0000013702580000, 0x0000013707ad0000]
CodeHeap 'non-nmethods': size=5760Kb used=2440Kb max_used=2517Kb free=3319Kb
 bounds [0x0000013700000000, 0x0000013700280000, 0x00000137005a0000]
 total_blobs=16741 nmethods=15779 adapters=873
 compilation: enabled
              stopped_count=0, restarted_count=0
 full_count=0

Compilation events (20 events):
Event: 602.107 Thread 0x000001377f0395d0 19361       3       org.gradle.internal.operations.DefaultBuildOperationQueue::waitForCompletion (21 bytes)
Event: 602.107 Thread 0x000001377f0395d0 nmethod 19361 0x000001370073d410 code [0x000001370073d5e0, 0x000001370073d968]
Event: 602.108 Thread 0x000001377f0395d0 19365       1       org.gradle.api.internal.artifacts.transform.TransformStepNode$ChainedTransformStepNode::getTransformedArtifacts (5 bytes)
Event: 602.108 Thread 0x000001377f0395d0 nmethod 19365 0x0000013707f38a90 code [0x0000013707f38c20, 0x0000013707f38cf8]
Event: 602.108 Thread 0x000001377f0395d0 19362   !   3       org.gradle.internal.operations.DefaultBuildOperationQueue::signalNoMoreWork (64 bytes)
Event: 602.109 Thread 0x000001377f0395d0 nmethod 19362 0x00000137005a1f10 code [0x00000137005a21c0, 0x00000137005a2f98]
Event: 602.109 Thread 0x000001377f0395d0 19363   !   3       org.gradle.internal.operations.DefaultBuildOperationQueue::waitForWorkToComplete (62 bytes)
Event: 602.112 Thread 0x000001377f0395d0 nmethod 19363 0x0000013701212a10 code [0x0000013701212d40, 0x0000013701214248]
Event: 602.112 Thread 0x000001377f0395d0 19364       3       org.gradle.internal.operations.DefaultBuildOperationQueue::markFinished (34 bytes)
Event: 602.112 Thread 0x000001377f0395d0 nmethod 19364 0x0000013700798490 code [0x0000013700798660, 0x0000013700798a68]
Event: 602.167 Thread 0x000001377f0395d0 19368       3       org.gradle.internal.classpath.declarations.FileInterceptorsDeclaration::intercept_exists (6 bytes)
Event: 602.167 Thread 0x000001377f0395d0 nmethod 19368 0x0000013700741f10 code [0x00000137007420e0, 0x00000137007425b8]
Event: 602.167 Thread 0x000001377f0395d0 19369       3       org.gradle.internal.classpath.Instrumented::fileExists (10 bytes)
Event: 602.168 Thread 0x000001377f0395d0 nmethod 19369 0x00000137010c7690 code [0x00000137010c78a0, 0x00000137010c8028]
Event: 602.402 Thread 0x000001377f0395d0 19370       1       org.gradle.internal.fingerprint.impl.IgnoredPathFileSystemLocationFingerprint::getNormalizedPath (3 bytes)
Event: 602.403 Thread 0x000001377f0395d0 nmethod 19370 0x0000013707f38790 code [0x0000013707f38920, 0x0000013707f389f8]
Event: 602.403 Thread 0x000001377f0395d0 19371       1       org.gradle.internal.fingerprint.impl.IgnoredPathFileSystemLocationFingerprint::getNormalizedContentHash (5 bytes)
Event: 602.403 Thread 0x000001377f0395d0 nmethod 19371 0x0000013707f38490 code [0x0000013707f38620, 0x0000013707f386f8]
Event: 602.403 Thread 0x000001377f0395d0 19372       1       org.gradle.internal.execution.history.changes.ClasspathCompareStrategy$TrackingVisitor::isConsumeMore (5 bytes)
Event: 602.403 Thread 0x000001377f0395d0 nmethod 19372 0x0000013707f37f10 code [0x0000013707f380a0, 0x0000013707f38178]

GC Heap History (20 events):
Event: 587.764 GC heap before
{Heap before GC invocations=81 (full 0):
 garbage-first heap   total 290816K, used 251019K [0x0000000080000000, 0x0000000100000000)
  region size 1024K, 29 young (29696K), 2 survivors (2048K)
 Metaspace       used 107649K, committed 110464K, reserved 552960K
  class space    used 14982K, committed 16384K, reserved 421888K
}
Event: 587.771 GC heap after
{Heap after GC invocations=82 (full 0):
 garbage-first heap   total 290816K, used 225591K [0x0000000080000000, 0x0000000100000000)
  region size 1024K, 4 young (4096K), 4 survivors (4096K)
 Metaspace       used 107649K, committed 110464K, reserved 552960K
  class space    used 14982K, committed 16384K, reserved 421888K
}
Event: 589.979 GC heap before
{Heap before GC invocations=82 (full 0):
 garbage-first heap   total 290816K, used 255287K [0x0000000080000000, 0x0000000100000000)
  region size 1024K, 30 young (30720K), 4 survivors (4096K)
 Metaspace       used 107715K, committed 110592K, reserved 552960K
  class space    used 14983K, committed 16384K, reserved 421888K
}
Event: 589.986 GC heap after
{Heap after GC invocations=83 (full 0):
 garbage-first heap   total 290816K, used 227979K [0x0000000080000000, 0x0000000100000000)
  region size 1024K, 4 young (4096K), 4 survivors (4096K)
 Metaspace       used 107715K, committed 110592K, reserved 552960K
  class space    used 14983K, committed 16384K, reserved 421888K
}
Event: 591.148 GC heap before
{Heap before GC invocations=83 (full 0):
 garbage-first heap   total 290816K, used 256651K [0x0000000080000000, 0x0000000100000000)
  region size 1024K, 29 young (29696K), 4 survivors (4096K)
 Metaspace       used 107814K, committed 110656K, reserved 552960K
  class space    used 14993K, committed 16384K, reserved 421888K
}
Event: 591.158 GC heap after
{Heap after GC invocations=84 (full 0):
 garbage-first heap   total 290816K, used 230328K [0x0000000080000000, 0x0000000100000000)
  region size 1024K, 3 young (3072K), 3 survivors (3072K)
 Metaspace       used 107814K, committed 110656K, reserved 552960K
  class space    used 14993K, committed 16384K, reserved 421888K
}
Event: 592.605 GC heap before
{Heap before GC invocations=84 (full 0):
 garbage-first heap   total 290816K, used 255928K [0x0000000080000000, 0x0000000100000000)
  region size 1024K, 25 young (25600K), 3 survivors (3072K)
 Metaspace       used 107845K, committed 110656K, reserved 552960K
  class space    used 14995K, committed 16384K, reserved 421888K
}
Event: 592.614 GC heap after
{Heap after GC invocations=85 (full 0):
 garbage-first heap   total 290816K, used 231836K [0x0000000080000000, 0x0000000100000000)
  region size 1024K, 2 young (2048K), 2 survivors (2048K)
 Metaspace       used 107845K, committed 110656K, reserved 552960K
  class space    used 14995K, committed 16384K, reserved 421888K
}
Event: 593.262 GC heap before
{Heap before GC invocations=85 (full 0):
 garbage-first heap   total 290816K, used 257436K [0x0000000080000000, 0x0000000100000000)
  region size 1024K, 24 young (24576K), 2 survivors (2048K)
 Metaspace       used 107875K, committed 110656K, reserved 552960K
  class space    used 14995K, committed 16384K, reserved 421888K
}
Event: 593.270 GC heap after
{Heap after GC invocations=86 (full 0):
 garbage-first heap   total 290816K, used 233206K [0x0000000080000000, 0x0000000100000000)
  region size 1024K, 3 young (3072K), 3 survivors (3072K)
 Metaspace       used 107875K, committed 110656K, reserved 552960K
  class space    used 14995K, committed 16384K, reserved 421888K
}
Event: 593.840 GC heap before
{Heap before GC invocations=86 (full 0):
 garbage-first heap   total 290816K, used 257782K [0x0000000080000000, 0x0000000100000000)
  region size 1024K, 24 young (24576K), 3 survivors (3072K)
 Metaspace       used 107945K, committed 110720K, reserved 552960K
  class space    used 15008K, committed 16384K, reserved 421888K
}
Event: 593.857 GC heap after
{Heap after GC invocations=87 (full 0):
 garbage-first heap   total 290816K, used 235458K [0x0000000080000000, 0x0000000100000000)
  region size 1024K, 3 young (3072K), 3 survivors (3072K)
 Metaspace       used 107945K, committed 110720K, reserved 552960K
  class space    used 15008K, committed 16384K, reserved 421888K
}
Event: 594.884 GC heap before
{Heap before GC invocations=87 (full 0):
 garbage-first heap   total 290816K, used 257986K [0x0000000080000000, 0x0000000100000000)
  region size 1024K, 22 young (22528K), 3 survivors (3072K)
 Metaspace       used 107946K, committed 110720K, reserved 552960K
  class space    used 15008K, committed 16384K, reserved 421888K
}
Event: 594.901 GC heap after
{Heap after GC invocations=88 (full 0):
 garbage-first heap   total 290816K, used 237228K [0x0000000080000000, 0x0000000100000000)
  region size 1024K, 2 young (2048K), 2 survivors (2048K)
 Metaspace       used 107946K, committed 110720K, reserved 552960K
  class space    used 15008K, committed 16384K, reserved 421888K
}
Event: 597.246 GC heap before
{Heap before GC invocations=88 (full 0):
 garbage-first heap   total 290816K, used 254636K [0x0000000080000000, 0x0000000100000000)
  region size 1024K, 20 young (20480K), 2 survivors (2048K)
 Metaspace       used 107958K, committed 110784K, reserved 552960K
  class space    used 15008K, committed 16384K, reserved 421888K
}
Event: 597.255 GC heap after
{Heap after GC invocations=89 (full 0):
 garbage-first heap   total 290816K, used 238688K [0x0000000080000000, 0x0000000100000000)
  region size 1024K, 3 young (3072K), 3 survivors (3072K)
 Metaspace       used 107958K, committed 110784K, reserved 552960K
  class space    used 15008K, committed 16384K, reserved 421888K
}
Event: 599.180 GC heap before
{Heap before GC invocations=89 (full 0):
 garbage-first heap   total 290816K, used 255072K [0x0000000080000000, 0x0000000100000000)
  region size 1024K, 20 young (20480K), 3 survivors (3072K)
 Metaspace       used 108002K, committed 110784K, reserved 552960K
  class space    used 15011K, committed 16384K, reserved 421888K
}
Event: 599.189 GC heap after
{Heap after GC invocations=90 (full 0):
 garbage-first heap   total 290816K, used 239885K [0x0000000080000000, 0x0000000100000000)
  region size 1024K, 2 young (2048K), 2 survivors (2048K)
 Metaspace       used 108002K, committed 110784K, reserved 552960K
  class space    used 15011K, committed 16384K, reserved 421888K
}
Event: 600.013 GC heap before
{Heap before GC invocations=90 (full 0):
 garbage-first heap   total 290816K, used 255245K [0x0000000080000000, 0x0000000100000000)
  region size 1024K, 17 young (17408K), 2 survivors (2048K)
 Metaspace       used 108045K, committed 110848K, reserved 552960K
  class space    used 15011K, committed 16384K, reserved 421888K
}
Event: 600.018 GC heap after
{Heap after GC invocations=91 (full 0):
 garbage-first heap   total 290816K, used 240823K [0x0000000080000000, 0x0000000100000000)
  region size 1024K, 3 young (3072K), 3 survivors (3072K)
 Metaspace       used 108045K, committed 110848K, reserved 552960K
  class space    used 15011K, committed 16384K, reserved 421888K
}

Deoptimization events (20 events):
Event: 602.098 Thread 0x0000013713283db0 Uncommon trap: trap_request=0xffffffde fr.pc=0x00000137083fe504 relative=0x00000000000008e4
Event: 602.098 Thread 0x0000013713283db0 Uncommon trap: reason=class_check action=maybe_recompile pc=0x00000137083fe504 method=org.gradle.api.internal.artifacts.ivyservice.resolveengine.artifact.EndCollection.visit(Lorg/gradle/api/internal/artifacts/ivyservice/resolveengine/artifact/ArtifactVisi
Event: 602.098 Thread 0x0000013713283db0 DEOPT PACKING pc=0x00000137083fe504 sp=0x00000013d86f9030
Event: 602.098 Thread 0x0000013713283db0 DEOPT UNPACKING pc=0x00000137000523a3 sp=0x00000013d86f8ff8 mode 2
Event: 602.098 Thread 0x0000013713283db0 Uncommon trap: trap_request=0xffffffde fr.pc=0x00000137083fe504 relative=0x00000000000008e4
Event: 602.098 Thread 0x0000013713283db0 Uncommon trap: reason=class_check action=maybe_recompile pc=0x00000137083fe504 method=org.gradle.api.internal.artifacts.ivyservice.resolveengine.artifact.EndCollection.visit(Lorg/gradle/api/internal/artifacts/ivyservice/resolveengine/artifact/ArtifactVisi
Event: 602.098 Thread 0x0000013713283db0 DEOPT PACKING pc=0x00000137083fe504 sp=0x00000013d86f9030
Event: 602.098 Thread 0x0000013713283db0 DEOPT UNPACKING pc=0x00000137000523a3 sp=0x00000013d86f8ff8 mode 2
Event: 602.098 Thread 0x0000013713283db0 Uncommon trap: trap_request=0xffffffde fr.pc=0x00000137083fe504 relative=0x00000000000008e4
Event: 602.098 Thread 0x0000013713283db0 Uncommon trap: reason=class_check action=maybe_recompile pc=0x00000137083fe504 method=org.gradle.api.internal.artifacts.ivyservice.resolveengine.artifact.EndCollection.visit(Lorg/gradle/api/internal/artifacts/ivyservice/resolveengine/artifact/ArtifactVisi
Event: 602.098 Thread 0x0000013713283db0 DEOPT PACKING pc=0x00000137083fe504 sp=0x00000013d86f9030
Event: 602.098 Thread 0x0000013713283db0 DEOPT UNPACKING pc=0x00000137000523a3 sp=0x00000013d86f8ff8 mode 2
Event: 602.098 Thread 0x0000013713283db0 Uncommon trap: trap_request=0xffffffde fr.pc=0x00000137083fe504 relative=0x00000000000008e4
Event: 602.098 Thread 0x0000013713283db0 Uncommon trap: reason=class_check action=maybe_recompile pc=0x00000137083fe504 method=org.gradle.api.internal.artifacts.ivyservice.resolveengine.artifact.EndCollection.visit(Lorg/gradle/api/internal/artifacts/ivyservice/resolveengine/artifact/ArtifactVisi
Event: 602.098 Thread 0x0000013713283db0 DEOPT PACKING pc=0x00000137083fe504 sp=0x00000013d86f9030
Event: 602.098 Thread 0x0000013713283db0 DEOPT UNPACKING pc=0x00000137000523a3 sp=0x00000013d86f8ff8 mode 2
Event: 602.211 Thread 0x0000013713283db0 Uncommon trap: trap_request=0xffffff76 fr.pc=0x000001370814c84c relative=0x0000000000001e0c
Event: 602.211 Thread 0x0000013713283db0 Uncommon trap: reason=predicate action=maybe_recompile pc=0x000001370814c84c method=kotlin.collections.CollectionsKt___CollectionsKt.joinTo(Ljava/lang/Iterable;Ljava/lang/Appendable;Ljava/lang/CharSequence;Ljava/lang/CharSequence;Ljava/lang/CharSequence;I
Event: 602.211 Thread 0x0000013713283db0 DEOPT PACKING pc=0x000001370814c84c sp=0x00000013d86fab10
Event: 602.211 Thread 0x0000013713283db0 DEOPT UNPACKING pc=0x00000137000523a3 sp=0x00000013d86faae8 mode 2

Classes loaded (20 events):
Event: 575.594 Loading class java/io/WriterCustomizer
Event: 575.594 Loading class java/io/WriterCustomizer done
Event: 575.594 Loading class java/io/BufferedWriterCustomizer
Event: 575.594 Loading class java/io/BufferedWriterCustomizer done
Event: 575.595 Loading class java/io/BufferedWriterCustomizer
Event: 575.595 Loading class java/io/BufferedWriterCustomizer done
Event: 600.525 Loading class java/nio/file/Files$2
Event: 600.528 Loading class java/nio/file/Files$2 done
Event: 600.542 Loading class java/util/zip/Deflater
Event: 600.544 Loading class java/util/zip/Deflater done
Event: 600.555 Loading class java/util/zip/Deflater$DeflaterZStreamRef
Event: 600.556 Loading class java/util/zip/Deflater$DeflaterZStreamRef done
Event: 600.624 Loading class java/util/zip/ZipOutputStream$XEntry
Event: 600.625 Loading class java/util/zip/ZipOutputStream$XEntry done
Event: 601.177 Loading class java/util/Vector$Itr
Event: 601.179 Loading class java/util/Vector$Itr done
Event: 601.481 Loading class java/nio/file/FileTreeWalker$1
Event: 601.482 Loading class java/nio/file/FileTreeWalker$1 done
Event: 602.171 Loading class java/time/Instant$1
Event: 602.173 Loading class java/time/Instant$1 done

Classes unloaded (0 events):
No events

Classes redefined (0 events):
No events

Internal exceptions (20 events):
Event: 590.039 Thread 0x000001377f333370 Exception <a 'sun/nio/fs/WindowsException'{0x0000000091b94d20}> (0x0000000091b94d20) 
thrown [t:\workspace\open\src\hotspot\share\prims\jni.cpp, line 516]
Event: 590.077 Thread 0x000001377f333370 Exception <a 'sun/nio/fs/WindowsException'{0x0000000091bff7e8}> (0x0000000091bff7e8) 
thrown [t:\workspace\open\src\hotspot\share\prims\jni.cpp, line 516]
Event: 590.148 Thread 0x000001377f333370 Exception <a 'sun/nio/fs/WindowsException'{0x0000000091a881f8}> (0x0000000091a881f8) 
thrown [t:\workspace\open\src\hotspot\share\prims\jni.cpp, line 516]
Event: 590.193 Thread 0x000001377f333370 Exception <a 'sun/nio/fs/WindowsException'{0x0000000091936758}> (0x0000000091936758) 
thrown [t:\workspace\open\src\hotspot\share\prims\jni.cpp, line 516]
Event: 590.264 Thread 0x000001377f333370 Exception <a 'sun/nio/fs/WindowsException'{0x00000000919983a8}> (0x00000000919983a8) 
thrown [t:\workspace\open\src\hotspot\share\prims\jni.cpp, line 516]
Event: 590.315 Thread 0x000001377f333370 Exception <a 'sun/nio/fs/WindowsException'{0x00000000918103f8}> (0x00000000918103f8) 
thrown [t:\workspace\open\src\hotspot\share\prims\jni.cpp, line 516]
Event: 590.404 Thread 0x000001377f333370 Exception <a 'sun/nio/fs/WindowsException'{0x0000000091874558}> (0x0000000091874558) 
thrown [t:\workspace\open\src\hotspot\share\prims\jni.cpp, line 516]
Event: 590.508 Thread 0x000001377f333370 Exception <a 'sun/nio/fs/WindowsException'{0x00000000918f1b58}> (0x00000000918f1b58) 
thrown [t:\workspace\open\src\hotspot\share\prims\jni.cpp, line 516]
Event: 590.584 Thread 0x000001377f333370 Exception <a 'sun/nio/fs/WindowsException'{0x00000000917689f8}> (0x00000000917689f8) 
thrown [t:\workspace\open\src\hotspot\share\prims\jni.cpp, line 516]
Event: 590.641 Thread 0x000001377f333370 Exception <a 'sun/nio/fs/WindowsException'{0x00000000917d6078}> (0x00000000917d6078) 
thrown [t:\workspace\open\src\hotspot\share\prims\jni.cpp, line 516]
Event: 590.755 Thread 0x000001371327ebe0 Exception <a 'sun/nio/fs/WindowsException'{0x00000000916f82f8}> (0x00000000916f82f8) 
thrown [t:\workspace\open\src\hotspot\share\prims\jni.cpp, line 516]
Event: 593.322 Thread 0x0000013713283410 Exception <a 'java/lang/NoSuchMethodError'{0x0000000091ab9ed8}: static Lcom/android/build/gradle/internal/scope/InternalArtifactType;.<clinit>()V> (0x0000000091ab9ed8) 
thrown [t:\workspace\open\src\hotspot\share\prims\jni.cpp, line 1104]
Event: 593.323 Thread 0x0000013713283410 Exception <a 'java/lang/NoSuchMethodError'{0x0000000091abbb08}: static Lcom/android/build/gradle/internal/scope/InternalArtifactType;.<clinit>()V> (0x0000000091abbb08) 
thrown [t:\workspace\open\src\hotspot\share\prims\jni.cpp, line 1104]
Event: 593.324 Thread 0x0000013713283410 Exception <a 'java/lang/NoSuchMethodError'{0x0000000091abf150}: static Lcom/android/build/api/artifact/Artifact$Single;.<clinit>()V> (0x0000000091abf150) 
thrown [t:\workspace\open\src\hotspot\share\prims\jni.cpp, line 1104]
Event: 593.324 Thread 0x0000013713283410 Exception <a 'java/lang/NoSuchMethodError'{0x0000000091ac1e70}: static Ljava/lang/Object;.<clinit>()V> (0x0000000091ac1e70) 
thrown [t:\workspace\open\src\hotspot\share\prims\jni.cpp, line 1104]
Event: 593.329 Thread 0x0000013713283410 Exception <a 'java/lang/NoSuchMethodError'{0x0000000091ada3b0}: static Lcom/android/build/api/artifact/ArtifactKind;.<clinit>()V> (0x0000000091ada3b0) 
thrown [t:\workspace\open\src\hotspot\share\prims\jni.cpp, line 1104]
Event: 593.330 Thread 0x0000013713283410 Exception <a 'java/lang/NoSuchMethodError'{0x0000000091adba60}: static Lcom/android/build/api/artifact/ArtifactKind;.<clinit>()V> (0x0000000091adba60) 
thrown [t:\workspace\open\src\hotspot\share\prims\jni.cpp, line 1104]
Event: 599.116 Thread 0x0000013713281730 Exception <a 'java/lang/NoSuchMethodError'{0x0000000090ddd008}: static Ljava/lang/Object;.<clinit>()V> (0x0000000090ddd008) 
thrown [t:\workspace\open\src\hotspot\share\prims\jni.cpp, line 1104]
Event: 600.461 Thread 0x0000013713283db0 Exception <a 'java/lang/NoSuchMethodError'{0x00000000915efce8}: 'long java.lang.invoke.DirectMethodHandle$Holder.invokeStatic(java.lang.Object, java.lang.Object, int)'> (0x00000000915efce8) 
thrown [t:\workspace\open\src\hotspot\share\interpreter\linkResolver.cpp, line 766]
Event: 600.463 Thread 0x0000013713283db0 Exception <a 'java/lang/NoSuchMethodError'{0x0000000091400258}: 'void java.lang.invoke.DelegatingMethodHandle$Holder.reinvoke_L(java.lang.Object, java.lang.Object, java.lang.Object, long, java.lang.Object)'> (0x0000000091400258) 
thrown [t:\workspace\open\src\hotspot\share\interpreter\linkResolver.cpp, line 766]

VM Operations (20 events):
Event: 596.906 Executing VM operation: Cleanup
Event: 596.906 Executing VM operation: Cleanup done
Event: 597.246 Executing VM operation: G1CollectForAllocation
Event: 597.255 Executing VM operation: G1CollectForAllocation done
Event: 597.763 Executing VM operation: HandshakeAllThreads
Event: 597.764 Executing VM operation: HandshakeAllThreads done
Event: 598.764 Executing VM operation: Cleanup
Event: 598.764 Executing VM operation: Cleanup done
Event: 599.180 Executing VM operation: G1CollectForAllocation
Event: 599.189 Executing VM operation: G1CollectForAllocation done
Event: 599.312 Executing VM operation: HandshakeAllThreads
Event: 599.312 Executing VM operation: HandshakeAllThreads done
Event: 599.380 Executing VM operation: HandshakeAllThreads
Event: 599.381 Executing VM operation: HandshakeAllThreads done
Event: 600.013 Executing VM operation: G1CollectForAllocation
Event: 600.018 Executing VM operation: G1CollectForAllocation done
Event: 601.029 Executing VM operation: Cleanup
Event: 601.029 Executing VM operation: Cleanup done
Event: 602.041 Executing VM operation: Cleanup
Event: 602.041 Executing VM operation: Cleanup done

Events (20 events):
Event: 599.425 Thread 0x000001377f03c3b0 flushing nmethod 0x00000137023db890
Event: 599.425 Thread 0x000001377f03c3b0 flushing nmethod 0x00000137023e2190
Event: 599.426 Thread 0x000001377f03c3b0 flushing nmethod 0x0000013702404090
Event: 599.426 Thread 0x000001377f03c3b0 flushing nmethod 0x0000013702409690
Event: 599.426 Thread 0x000001377f03c3b0 flushing nmethod 0x000001370240d410
Event: 599.426 Thread 0x000001377f03c3b0 flushing nmethod 0x0000013702419a10
Event: 599.426 Thread 0x000001377f03c3b0 flushing nmethod 0x000001370241dc10
Event: 599.426 Thread 0x000001377f03c3b0 flushing nmethod 0x000001370241ee10
Event: 599.426 Thread 0x000001377f03c3b0 flushing nmethod 0x000001370242b310
Event: 599.426 Thread 0x000001377f03c3b0 flushing nmethod 0x000001370244f890
Event: 599.426 Thread 0x000001377f03c3b0 flushing nmethod 0x000001370247b890
Event: 599.426 Thread 0x000001377f03c3b0 flushing nmethod 0x0000013702489e90
Event: 599.426 Thread 0x000001377f03c3b0 flushing nmethod 0x00000137024a3e10
Event: 599.426 Thread 0x000001377f03c3b0 flushing nmethod 0x00000137024d8890
Event: 599.426 Thread 0x000001377f03c3b0 flushing nmethod 0x00000137024d8c10
Event: 599.426 Thread 0x000001377f03c3b0 flushing nmethod 0x00000137024d8f90
Event: 599.426 Thread 0x000001377f03c3b0 flushing nmethod 0x00000137024e6a10
Event: 599.426 Thread 0x000001377f03c3b0 flushing nmethod 0x00000137024ef210
Event: 599.427 Thread 0x000001377f03c3b0 flushing nmethod 0x00000137024f8290
Event: 599.427 Thread 0x000001377f03c3b0 flushing nmethod 0x000001370250f390


Dynamic libraries:
0x00007ff7b0b60000 - 0x00007ff7b0b70000 	C:\Program Files\Java\jdk-18\bin\java.exe
0x00007fff9f5f0000 - 0x00007fff9f807000 	C:\WINDOWS\SYSTEM32\ntdll.dll
0x00007fff9eaf0000 - 0x00007fff9ebb4000 	C:\WINDOWS\System32\KERNEL32.DLL
0x00007fff9ce10000 - 0x00007fff9d1bc000 	C:\WINDOWS\System32\KERNELBASE.dll
0x00007fff9cc50000 - 0x00007fff9cd61000 	C:\WINDOWS\System32\ucrtbase.dll
0x00007fff89db0000 - 0x00007fff89dc8000 	C:\Program Files\Java\jdk-18\bin\jli.dll
0x00007fff8f4e0000 - 0x00007fff8f4fa000 	C:\Program Files\Java\jdk-18\bin\VCRUNTIME140.dll
0x00007fff9f420000 - 0x00007fff9f4d2000 	C:\WINDOWS\System32\ADVAPI32.dll
0x00007fff9e320000 - 0x00007fff9e3c7000 	C:\WINDOWS\System32\msvcrt.dll
0x00007fff9d5d0000 - 0x00007fff9d67a000 	C:\WINDOWS\System32\sechost.dll
0x00007fff9cba0000 - 0x00007fff9cbc8000 	C:\WINDOWS\System32\bcrypt.dll
0x00007fff9e7f0000 - 0x00007fff9e905000 	C:\WINDOWS\System32\RPCRT4.dll
0x00007fff9e910000 - 0x00007fff9eabe000 	C:\WINDOWS\System32\USER32.dll
0x00007fff9cb70000 - 0x00007fff9cb96000 	C:\WINDOWS\System32\win32u.dll
0x00007fff9eac0000 - 0x00007fff9eae9000 	C:\WINDOWS\System32\GDI32.dll
0x00007fff9c920000 - 0x00007fff9ca39000 	C:\WINDOWS\System32\gdi32full.dll
0x00007fff7aaa0000 - 0x00007fff7ad33000 	C:\WINDOWS\WinSxS\amd64_microsoft.windows.common-controls_6595b64144ccf1df_6.0.22621.3672_none_2713b9d173822955\COMCTL32.dll
0x00007fff9cd70000 - 0x00007fff9ce0a000 	C:\WINDOWS\System32\msvcp_win.dll
0x00007fff8ec90000 - 0x00007fff8ec9a000 	C:\WINDOWS\SYSTEM32\VERSION.dll
0x00007fff9d8a0000 - 0x00007fff9d8d1000 	C:\WINDOWS\System32\IMM32.DLL
0x00007fff92ce0000 - 0x00007fff92cec000 	C:\Program Files\Java\jdk-18\bin\vcruntime140_1.dll
0x00007fff55b30000 - 0x00007fff55bbd000 	C:\Program Files\Java\jdk-18\bin\msvcp140.dll
0x00007ffeeb660000 - 0x00007ffeec271000 	C:\Program Files\Java\jdk-18\bin\server\jvm.dll
0x00007fff9e3e0000 - 0x00007fff9e3e8000 	C:\WINDOWS\System32\PSAPI.DLL
0x00007fff963b0000 - 0x00007fff963e4000 	C:\WINDOWS\SYSTEM32\WINMM.dll
0x00007fff85c50000 - 0x00007fff85c59000 	C:\WINDOWS\SYSTEM32\WSOCK32.dll
0x00007fff9d770000 - 0x00007fff9d7e1000 	C:\WINDOWS\System32\WS2_32.dll
0x00007fff9ba40000 - 0x00007fff9ba58000 	C:\WINDOWS\SYSTEM32\kernel.appcore.dll
0x00007fff89da0000 - 0x00007fff89daa000 	C:\Program Files\Java\jdk-18\bin\jimage.dll
0x00007fff998a0000 - 0x00007fff99ad2000 	C:\WINDOWS\SYSTEM32\DBGHELP.DLL
0x00007fff9df90000 - 0x00007fff9e318000 	C:\WINDOWS\System32\combase.dll
0x00007fff9d4f0000 - 0x00007fff9d5c7000 	C:\WINDOWS\System32\OLEAUT32.dll
0x00007fff92300000 - 0x00007fff92332000 	C:\WINDOWS\SYSTEM32\dbgcore.DLL
0x00007fff9cbd0000 - 0x00007fff9cc4b000 	C:\WINDOWS\System32\bcryptPrimitives.dll
0x00007fff71900000 - 0x00007fff7190e000 	C:\Program Files\Java\jdk-18\bin\instrument.dll
0x00007fff89bf0000 - 0x00007fff89c15000 	C:\Program Files\Java\jdk-18\bin\java.dll
0x00007fff42c50000 - 0x00007fff42d26000 	C:\Program Files\Java\jdk-18\bin\jsvml.dll
0x00007fff9ebc0000 - 0x00007fff9f41c000 	C:\WINDOWS\System32\SHELL32.dll
0x00007fff9a880000 - 0x00007fff9b177000 	C:\WINDOWS\SYSTEM32\windows.storage.dll
0x00007fff9a740000 - 0x00007fff9a87f000 	C:\WINDOWS\SYSTEM32\wintypes.dll
0x00007fff9d900000 - 0x00007fff9d9f4000 	C:\WINDOWS\System32\SHCORE.dll
0x00007fff9e3f0000 - 0x00007fff9e44e000 	C:\WINDOWS\System32\shlwapi.dll
0x00007fff9c850000 - 0x00007fff9c871000 	C:\WINDOWS\SYSTEM32\profapi.dll
0x00007fff5bce0000 - 0x00007fff5bcf8000 	C:\Program Files\Java\jdk-18\bin\zip.dll
0x00007fff630b0000 - 0x00007fff630c3000 	C:\Program Files\Java\jdk-18\bin\net.dll
0x00007fff979a0000 - 0x00007fff97ad6000 	C:\WINDOWS\SYSTEM32\WINHTTP.dll
0x00007fff9beb0000 - 0x00007fff9bf19000 	C:\WINDOWS\system32\mswsock.dll
0x00007fff608e0000 - 0x00007fff608f6000 	C:\Program Files\Java\jdk-18\bin\nio.dll
0x00007fff77210000 - 0x00007fff77220000 	C:\Program Files\Java\jdk-18\bin\verify.dll
0x00007fff7b730000 - 0x00007fff7b757000 	C:\Users\dhdnt\.gradle\native\68d5fa5c4cc2d200863cafc0d521ce42e7d3e7ee720ec0a83991735586a16f82\windows-amd64\native-platform.dll
0x00007fff18930000 - 0x00007fff18a74000 	C:\Users\dhdnt\.gradle\native\e376f236ea51e6404a007f0833ffe2c6e607c4080706a723a18a27aeea778392\windows-amd64\native-platform-file-events.dll
0x00007fff76c30000 - 0x00007fff76c39000 	C:\Program Files\Java\jdk-18\bin\management.dll
0x00007fff72a60000 - 0x00007fff72a6b000 	C:\Program Files\Java\jdk-18\bin\management_ext.dll
0x00007fff9c120000 - 0x00007fff9c13b000 	C:\WINDOWS\SYSTEM32\CRYPTSP.dll
0x00007fff9b9a0000 - 0x00007fff9b9d5000 	C:\WINDOWS\system32\rsaenh.dll
0x00007fff9bfb0000 - 0x00007fff9bfd8000 	C:\WINDOWS\SYSTEM32\USERENV.dll
0x00007fff9c110000 - 0x00007fff9c11c000 	C:\WINDOWS\SYSTEM32\CRYPTBASE.dll
0x00007fff9b490000 - 0x00007fff9b4bd000 	C:\WINDOWS\SYSTEM32\IPHLPAPI.DLL
0x00007fff9e3d0000 - 0x00007fff9e3d9000 	C:\WINDOWS\System32\NSI.dll
0x00007fff97d10000 - 0x00007fff97d29000 	C:\WINDOWS\SYSTEM32\dhcpcsvc6.DLL
0x00007fff97360000 - 0x00007fff9737f000 	C:\WINDOWS\SYSTEM32\dhcpcsvc.DLL
0x00007fff9b510000 - 0x00007fff9b608000 	C:\WINDOWS\SYSTEM32\DNSAPI.dll
0x00007fff795e0000 - 0x00007fff795f7000 	C:\WINDOWS\system32\napinsp.dll
0x00007fff795b0000 - 0x00007fff795cb000 	C:\WINDOWS\system32\pnrpnsp.dll
0x00007fff79500000 - 0x00007fff79511000 	C:\WINDOWS\System32\winrnr.dll
0x00007fff94710000 - 0x00007fff94725000 	C:\WINDOWS\system32\wshbth.dll
0x00007fff794d0000 - 0x00007fff794f7000 	C:\WINDOWS\system32\nlansp_c.dll
0x00007fff8ed40000 - 0x00007fff8ed4a000 	C:\Windows\System32\rasadhlp.dll
0x00007fff94730000 - 0x00007fff947b3000 	C:\WINDOWS\System32\fwpuclnt.dll

dbghelp: loaded successfully - version: 4.0.5 - missing functions: none
symbol engine: initialized successfully - sym options: 0x614 - pdb path: .;C:\Program Files\Java\jdk-18\bin;C:\WINDOWS\SYSTEM32;C:\WINDOWS\WinSxS\amd64_microsoft.windows.common-controls_6595b64144ccf1df_6.0.22621.3672_none_2713b9d173822955;C:\Program Files\Java\jdk-18\bin\server;C:\Users\dhdnt\.gradle\native\68d5fa5c4cc2d200863cafc0d521ce42e7d3e7ee720ec0a83991735586a16f82\windows-amd64;C:\Users\dhdnt\.gradle\native\e376f236ea51e6404a007f0833ffe2c6e607c4080706a723a18a27aeea778392\windows-amd64

VM Arguments:
jvm_args: -XX:MaxMetaspaceSize=512m --add-opens=java.base/java.util=ALL-UNNAMED --add-opens=java.base/java.lang=ALL-UNNAMED --add-opens=java.base/java.lang.invoke=ALL-UNNAMED --add-opens=java.prefs/java.util.prefs=ALL-UNNAMED --add-opens=java.base/java.nio.charset=ALL-UNNAMED --add-opens=java.base/java.net=ALL-UNNAMED --add-opens=java.base/java.util.concurrent.atomic=ALL-UNNAMED -Xmx2048m -Dfile.encoding=UTF-8 -Duser.country=KR -Duser.language=ko -Duser.variant -javaagent:C:\Users\dhdnt\.gradle\wrapper\dists\gradle-8.3-all\6en3ugtfdg5xnpx44z4qbwgas\gradle-8.3\lib\agents\gradle-instrumentation-agent-8.3.jar 
java_command: org.gradle.launcher.daemon.bootstrap.GradleDaemon 8.3
java_class_path (initial): C:\Users\dhdnt\.gradle\wrapper\dists\gradle-8.3-all\6en3ugtfdg5xnpx44z4qbwgas\gradle-8.3\lib\gradle-launcher-8.3.jar
Launcher Type: SUN_STANDARD

[Global flags]
     intx CICompilerCount                          = 4                                         {product} {ergonomic}
   size_t CompressedClassSpaceSize                 = 432013312                                 {product} {ergonomic}
     uint ConcGCThreads                            = 2                                         {product} {ergonomic}
     uint G1ConcRefinementThreads                  = 8                                         {product} {ergonomic}
   size_t G1HeapRegionSize                         = 1048576                                   {product} {ergonomic}
    uintx GCDrainStackTargetSize                   = 64                                        {product} {ergonomic}
   size_t InitialHeapSize                          = 132120576                                 {product} {ergonomic}
   size_t MarkStackSize                            = 4194304                                   {product} {ergonomic}
   size_t MaxHeapSize                              = 2147483648                                {product} {command line}
   size_t MaxMetaspaceSize                         = 536870912                                 {product} {command line}
   size_t MaxNewSize                               = 1287651328                                {product} {ergonomic}
   size_t MinHeapDeltaBytes                        = 1048576                                   {product} {ergonomic}
   size_t MinHeapSize                              = 8388608                                   {product} {ergonomic}
    uintx NonNMethodCodeHeapSize                   = 5839372                                {pd product} {ergonomic}
    uintx NonProfiledCodeHeapSize                  = 122909434                              {pd product} {ergonomic}
    uintx ProfiledCodeHeapSize                     = 122909434                              {pd product} {ergonomic}
    uintx ReservedCodeCacheSize                    = 251658240                              {pd product} {ergonomic}
     bool SegmentedCodeCache                       = true                                      {product} {ergonomic}
   size_t SoftMaxHeapSize                          = 2147483648                             {manageable} {ergonomic}
     bool UseCompressedClassPointers               = true                           {product lp64_product} {ergonomic}
     bool UseCompressedOops                        = true                           {product lp64_product} {ergonomic}
     bool UseG1GC                                  = true                                      {product} {ergonomic}
     bool UseLargePagesIndividualAllocation        = false                                  {pd product} {ergonomic}

Logging:
Log output configuration:
 #0: stdout all=warning uptime,level,tags foldmultilines=false
 #1: stderr all=off uptime,level,tags foldmultilines=false

Environment Variables:
JAVA_HOME=C:\Program Files\Java\jdk-18
CLASSPATH=C:\Users\dhdnt\Desktop\RBF\BangFer-Front-End-2\android\\gradle\wrapper\gradle-wrapper.jar
PATH=C:\Users\dhdnt\Desktop\RBF\BangFer-Front-End-2\node_modules\.bin;C:\Users\dhdnt\Desktop\RBF\BangFer-Front-End-2\node_modules\.bin;C:\Users\dhdnt\Desktop\RBF\node_modules\.bin;C:\Users\dhdnt\Desktop\node_modules\.bin;C:\Users\dhdnt\node_modules\.bin;C:\Users\node_modules\.bin;C:\node_modules\.bin;C:\node\node_modules\npm\node_modules\@npmcli\run-script\lib\node-gyp-bin;C:\Program Files\Common Files\Oracle\Java\javapath;C:\Program Files (x86)\NAT Service;C:\Program Files (x86)\Intel\Intel(R) Management Engine Components\iCLS\;C:\Program Files\Intel\Intel(R) Management Engine Components\iCLS\;C:\WINDOWS\system32;C:\WINDOWS;C:\WINDOWS\System32\Wbem;C:\WINDOWS\System32\WindowsPowerShell\v1.0\;C:\WINDOWS\System32\OpenSSH\;C:\Program Files\Intel\WiFi\bin\;C:\Program Files\Common Files\Intel\WirelessCommon\;C:\Program Files (x86)\Intel\Intel(R) Management Engine Components\DAL;C:\Program Files\Intel\Intel(R) Management Engine Components\DAL;C:\Users\dhdnt\.dnx\bin;C:\Program Files\Microsoft DNX\Dnvm\;C:\Program Files (x86)\Windows Kits\8.1\Windows Performance Toolkit\;C:\Program Files\Java\jdk-11.0.14\bin;C:\Program Files\Azure Data Studio\bin;C:\사용자\dhdnt\anaconda3;C:;사용자\dhdnt\anaconda3\condabin;C:;사용자\dhdnt\anaconda3\Library\bin;C:;사용자\dhdnt\anaconda3\Scripts;C:;Program Files\MySQL\MySQL Server 8.0\bin;C:\Program Files\Java\jdk-17;C:\node\;C:\Program Files\Git\cmd;C:\Program Files\PuTTY\;C:\Program Files\MySQL\MySQL Shell 8.0\bin\;C:\Users\dhdnt\AppData\Local\Android\Sdk\tools;C:\Users\dhdnt\Desktop\22학년도 2학기\컴퓨터네트워크\8 2019-q3-update\bin;C:\Users\dhdnt\AppData\Local\Programs\Python\Python37-32\Scripts\;C:\Users\dhdnt\AppData\Local\Programs\Python\Python37-32\;C:\Users\dhdnt\AppData\Local\Microsoft\WindowsApps;C:\Program Files\Bandizip\;C:\Program Files\JetBrains\IntelliJ IDEA 2023.3.6\bin;;C:\Program Files\MariaDB 10.6\bin;C:\Users\dhdnt\AppData\Local\GitHubDesktop\bin;C:\Program Files\Azure Data Studio\bin;C:\Users\dhdnt\AppData\Local\Programs\Microsoft VS Code\bin;C:\Users\dhdnt\AppData\Roaming\npm;C:\node;C:\Users\dhdnt\AppData\Local\Android\Sdk\platform-tools;
USERNAME=dhdnt
LANG=en_US.UTF-8
OS=Windows_NT
PROCESSOR_IDENTIFIER=Intel64 Family 6 Model 142 Stepping 11, GenuineIntel



---------------  S Y S T E M  ---------------

OS:
 Windows 11 , 64 bit Build 22621 (10.0.22621.3672)
OS uptime: 15 days 22:34 hours

CPU: total 8 (initial active 8) (4 cores per cpu, 2 threads per core) family 6 model 142 stepping 11 microcode 0xde, cx8, cmov, fxsr, ht, mmx, 3dnowpref, sse, sse2, sse3, ssse3, sse4.1, sse4.2, popcnt, lzcnt, tsc, tscinvbit, avx, avx2, aes, erms, clmul, bmi1, bmi2, adx, fma, vzeroupper, clflush, clflushopt

Memory: 4k page, system-wide physical 8051M (298M free)
TotalPageFile size 32627M (AvailPageFile size 9M)
current process WorkingSet (physical memory assigned to process): 301M, peak: 472M
current process commit charge ("private bytes"): 647M, peak: 651M

vm_info: Java HotSpot(TM) 64-Bit Server VM (18+36-2087) for windows-amd64 JRE (18+36-2087), built on Feb 15 2022 09:43:11 by "mach5one" with MS VC++ 16.8 / 16.9 (VS2019)

END.
